id,lang,text,labels,synthetic
passages_train_0,mix,usingizi mzito tangu jana,ds_lethargic,true
passages_train_1,sw,msichana hakuwa na degedege,,true
passages_train_2,sw,Amani anatapika kila kitu,ds_vomits_everything;vomiting,true
passages_train_3,sw,mama kikohozi kikali tangu jana,cough,true
passages_train_4,sw,Bibi kichwa kinauma siku moja,pain,true
passages_train_5,sw,Kutapika siku mbili,vomiting,true
passages_train_6,en,Child hot body,fever,true
passages_train_7,en,the child drinking well,,true
passages_train_8,mix,diarrhoea tangu jana,diarrhoea,true
passages_train_9,sw,nyumba ina maji safi,,true
passages_train_10,mix,Amani unconscious siku moja,ds_lethargic,true
passages_train_11,sw,mama anauza maziwa sokoni,,true
passages_train_12,sw,kuharisha + anatapika kila kitu,diarrhoea;ds_vomits_everything;vomiting,true
passages_train_13,sw,tutarudi wiki ijyo kwa ziara,,true
passages_train_14,sw,dhaifu,weakness,true
passages_train_15,mix,mama: lethargic,ds_lethargic,true
passages_train_16,mix,Amani mwili ulikuwa unatetemeka tangu juzi,ds_convulsions,true
passages_train_17,en,unconscious,ds_lethargic,true
passages_train_18,mix,mtoto wa Noor ametapika,vomiting,true
passages_train_19,mix,Throwing up tangu juzi,vomiting,true
passages_train_20,en,chid: alert for 2 days,,true
passages_train_21,sw,hana maumivu tangu juzi,pain,true
passages_train_22,sw,mtoto wake hajatapika wiki moja,vomiting,true
passages_train_23,mix,mtoto: anatapika,vomiting,true
passages_train_24,sw,Hana kikohozi,cough,true
passages_train_25,sw,dhaifu,weakness,true
passages_train_26,sw,tutarudi wiki ijayo kwa ziara,,true
passages_train_27,sw,Mtoto wake: kifafa,ds_convulsions,true
passages_train_28,mix,Amani: fever no convulsions since yesterday,fever,true
passages_train_29,mix,Mtoto anakohoa wiki moja,cough,true
passages_train_30,mix,hard to wake + kukohoa sana,cough;ds_lethargic,true
passages_train_31,sw,Mynonge,weakness,true
passages_train_32,sw,tulizungumza kuhusu kahawa,,true
passages_train_33,sw,mtoto wa Noor bila homa,fever,true
passages_train_34,sw,Anatapika kila kitu siku mbili,ds_vomits_everything;vomiting,true
passages_train_35,sw,anaendesha,diarrhoea,true
passages_train_36,sw,Mvulana: homa kali tangu juzi,fever,true
passages_train_37,sw,watoto wako shuleni,,true
passages_train_38,en,stomach pain for 1 week,pain,true
passages_train_39,mix,baba choo cha maji 3 days,diarrhoea,true
passages_train_40,mix,kila anachokula anatapika for 5 days,ds_vomits_everything;vomiting,true
passages_train_41,en,discussed the vaccination card,,true
passages_train_42,mix,Amelegea,ds_lethargic,true
passages_train_43,sw,Mtoto wa noor: anatapika kila anachokunywa,ds_vomits_everything;vomiting,true
passages_train_44,en,vomited hot body for 3 days,fever;vomiting,true
passages_train_45,en,No vomiting,vomiting,true
passages_train_46,sw,Hana nguvu,weakness,true
passages_train_47,sw,msichana: anaharisha wiki moja,diarrhoea,true
passages_train_48,en,The girl throwing up,vomiting,true
passages_train_49,sw,tulizungumza kuhusu kahawa,,true
passages_train_50,sw,mtoto wake: choo cha maji siku mbili,diarrhoea,true
passages_train_51,sw,msichana: tumbo linauma tangu jana,pain,true
passages_train_52,en,child coughing / unable to drink for 5 days,cough;ds_cannot_drink,true
passages_train_53,en,child: running stomach,diarrhoea,true
passages_train_54,en,headache for 3 days,pain,true
passages_train_55,sw,mtoto wake dhaifu,weakness,true
passages_train_56,sw,nyumba ina maji safi,,true
passages_train_57,sw,Mtoto: anaweza kunywa kwa siku moja,,true
passages_train_58,mix,baby: throwing up,vomiting,true
passages_train_59,sw,msichana amechoka sana,weakness,true
passages_train_60,mix,Kutapika mara moja,vomiting,true
passages_train_61,sw,Kuhra,diarrhoea,true
passages_train_62,mix,vomited,vomiting,true
passages_train_63,sw,Amani: kutapika,vomiting,true
passages_train_64,mix,anatapika kila anachokunywa kwa siku tno,ds_vomits_everything;vomiting,true
passages_train_65,sw,kikohozi tangu juzi,cough,true
passages_train_66,mix,baby: bad cough kwa siku tano,cough,true
passages_train_67,sw,familia ina shabma la mahindi,,true
passages_train_68,sw,Mtoto wa noor homa,fever,true
passages_train_69,sw,Anaendesha,diarrhoea,true
passages_train_70,sw,mtoto kichwa kinauma siku 1,pain,true
passages_train_71,mix,anatapika kila kitu / anakohoa,cough;ds_vomits_everything;vomiting,true
passages_train_72,mix,mtoto wake: unable to breastfeed for 1 week,ds_cannot_drink,true
passages_train_73,sw,Kuharisha,diarrhoea,true
passages_train_74,sw,homa kali,fever,true
passages_train_75,mix,anatapika kila anachokunywa,ds_vomits_everything;vomiting,true
passages_train_76,sw,mwili una joto siku tano,fever,true
passages_train_77,sw,Amani hawezi kunywa siku nne,ds_cannot_drink,true
passages_train_78,en,not weak,weakness,true
passages_train_79,mix,child: throws up everything,ds_vomits_everything;vomiting,true
passages_train_80,sw,mtoto wa Noor hawezi kuamka siku 4,ds_lethargic,true
passages_train_81,sw,nyumba ina maji safi,,true
passages_train_82,mix,ocughing,cough,true
passages_train_83,mix,the child anatapika pain snce yesterday,pain;vomiting,true
passages_train_84,sw,Hana nguvu,weakness,true
passages_train_85,sw,mtoto wake: mnyonge,weakness,true
passages_train_86,sw,mama anaza maziwa sokoni,,true
passages_train_87,en,The child: no energy,weakness,true
passages_train_88,sw,Mtoto kikohozi,cough,true
passages_train_89,sw,Ametapika,vomiting,true
passages_train_90,mix,anatapika kila anachokunywa hot obdy,ds_vomits_everything;fever;vomiting,true
passages_train_91,en,throwing up for 1 weeek,vomiting,true
passages_train_92,sw,Amekataa kunyonya,ds_cannot_drink,true
passages_train_93,en,throws up everything,ds_vomits_everything;vomiting,true
passages_train_94,en,no enegry for 1 week,weakness,true
passages_train_95,mix,vomits everything kwa siku mbili,ds_vomits_everything;vomiting,true
passages_train_96,sw,hakunywa chochote anaugua homa siku 1,ds_cannot_drink;fever,true
passages_train_97,sw,Hawezi kunyonya,ds_cannot_drink,true
passages_train_98,en,mother sells milk at the market,,true
passages_train_99,sw,ana degedee,ds_convulsions,true
passages_train_100,en,routine household visit,,true
passages_train_101,mix,mwili ulikuwa unatetemeka x4 days,ds_convulsions,true
passages_train_102,en,vomits everything for 1 week,ds_vomits_everything;vomiting,true
passages_train_103,en,the boy no diarrhoea,diarrhoea,true
passages_train_104,sw,Mtoto wa noor mnyonge,weakness,true
passages_train_105,en,The child: pan,pain,true
passages_train_106,en,convulsions x4 days,ds_convulsions,true
passages_train_107,en,Has fever + very weak since yesterday,fever;weakness,true
passages_train_108,sw,usingizi mzito,ds_lethargic,true
passages_train_109,sw,nyumba ina maji safi,,true
passages_train_110,mix,choo cha maji for 5 days,diarrhoea,true
passages_train_111,en,coughing,cough,true
passages_train_112,mix,The hcild: abdominal pain wiki moja,pain,true
passages_train_113,mix,Kila anachokula anatapika since yesterday,ds_vomits_everything;vomiting,true
passages_train_114,sw,hanyonyi tangu juzi,ds_cannot_drink,true
passages_train_115,sw,Choo cha maji siku mbili,diarrhoea,true
passages_train_116,sw,degedege kwa siku moja,ds_convulsions,true
passages_train_117,sw,hjaitambui,ds_lethargic,true
passages_train_118,en,breastfeeding wlel since yesterday,,true
passages_train_119,sw,mama yake: mwili una joto,fever,true
passages_train_120,mix,The girl weak ifts tangu juzi,ds_convulsions;weakness,true
passages_train_121,mix,the girl not vomiting / kukohoa sana,cough;vomiting,true
passages_train_122,sw,Amani: choo cha amji / ametapika wiki moja,diarrhoea;vomiting,true
passages_train_123,sw,Ana degedege tangu jana,ds_convulsions,true
passages_train_124,sw,barabara ni mbaya baada ya mvua,,true
passages_train_125,sw,Hana kuhara / si dhaifu kwa siku mbili,diarrhoea;weakness,true
passages_train_126,sw,Amani ana degedege kwa siku tano,ds_convulsions,true
passages_train_127,sw,Kila anachokula anatapika tangu juzi,ds_vomits_everything;vomiting,true
passages_train_128,mix,Baby: amezimia x5 days,ds_lethargic,true
passages_train_129,mix,mtoto wa Noor: kuharisha lethargic,diarrhoea;ds_lethargic,true
passages_train_130,en,not vomiting,vomiting,true
passages_train_131,sw,mtoto wake: hajaharisha tangu juzi,diarrhoea,true
passages_train_132,mix,mvulana: throwing up / kifafa,ds_convulsions;vomiting,true
passages_train_133,sw,baba hana kuhara tangu juzi,diarrhoea,true
passages_train_134,sw,nimepita kwa nyumba ya jirani,,true
passages_train_135,en,Not vomiting for 1 weeek,vomiting,true
passages_train_136,en,Stomach pain for 1 week,pain,true
passages_train_137,en,vomiting everything 3 days,ds_vomits_everything;vomiting,true
passages_train_138,en,child: alert for 1 week,,true
passages_train_139,sw,choo cha maji,diarrhoea,true
passages_train_140,mix,anatapika,vomiting,true
passages_train_141,sw,leo mvua imenyesha sana,,true
passages_train_142,en,child: vomits everything,ds_vomits_everything;vomiting,true
passages_train_143,en,routine household visit,,true
passages_train_144,sw,kikohozi tangu juzi,cough,true
passages_train_145,sw,msichana aantapika kila kitu,ds_vomits_everything;vomiting,true
passages_train_146,mix,cough siku nne,cough,true
passages_train_147,sw,Amani: tumbo haliumi,pain,true
passages_train_148,sw,mtoto wa Noor: degedege tangu jana,ds_convulsions,true
passages_train_149,en,the boy: feer for 2 days,fever,true
passages_train_150,mix,Baby: weak,weakness,true
passages_train_151,sw,tutarudi wiki iayo kwa ziara,,true
passages_train_152,en,the mother not able to drink since yesterday,ds_cannot_drink,true
passages_train_153,en,hot obdy,fever,true
passages_train_154,en,no cough,cough,true
passages_train_155,sw,Mtoto wa noor hana nguvu,weakness,true
passages_train_156,sw,maumivu ya tumbo,pain,true
passages_train_157,sw,mama yake: choo cha maji wiki moja,diarrhoea,true
passages_train_158,en,diarrhea,diarrhoea,true
passages_train_159,sw,mama anauza maziwa sokoni,,true
passages_train_160,mix,Kikohozi,cough,true
passages_train_161,sw,Amani: amechoka sana,weakness,true
passages_train_162,sw,mtoto wa Noor: hajitambui tangu juzi,ds_lethargic,true
passages_train_163,sw,Choo cha maji kwa siku moja,diarrhoea,true
passages_train_164,sw,kuharisha,diarrhoea,true
passages_train_165,en,not able to drink,ds_cannot_drink,true
passages_train_166,en,the girl weak for 1 days,weakness,true
passages_train_167,en,father no diarrhoea for 2 days,diarrhoea,true
passages_train_168,sw,bibi kukohoa sana,cough,true
passages_train_169,en,Vomiting,vomiting,true
passages_train_170,en,Bayb: cough,cough,true
passages_train_171,sw,ana kikohozi ametapika kwa siku tano,cough;vomiting,true
passages_train_172,mix,hanyonyi for 1 week,ds_cannot_drink,true
passages_train_173,en,the road was muddy,,true
passages_train_174,sw,hakuwa na degedege siku tatu,,true
passages_train_175,sw,msichana kuutapika,vomiting,true
passages_train_176,mix,aneandesha,diarrhoea,true
passages_train_177,mix,child: no cough tangu juzi,cough,true
passages_train_178,en,Cough for 1 week,cough,true
passages_train_179,mix,Vomits everthing,ds_vomits_everything;vomiting,true
passages_train_180,sw,tutarudi wiki ijayo kwa ziara,,true
passages_train_181,sw,familia ina shamba la mahindi,,true
passages_train_182,sw,hawezi kuamka tangu juzi,ds_lethargic,true
passages_train_183,en,the boy: throws up everything,ds_vomits_everything;vomiting,true
passages_train_184,mix,msichana no energy,weakness,true
passages_train_185,sw,mtoto hakunywa chochote siku nne,ds_cannot_drink,true
passages_train_186,mix,msichana maumivu ya kichwa + homa,fever;pain,true
passages_train_187,en,vomited,vomiting,true
passages_train_188,sw,anatapika kiila kitu + maumivu ya tumbo,ds_vomits_everything;pain;vomiting,true
passages_train_189,mix,mvulana running stomach for 4 days,diarrhoea,true
passages_train_190,mix,msichana si dhaifu,weakness,true
passages_train_191,sw,msichana: maumivu ya tumbo + kikohozi kikali,cough;pain,true
passages_train_192,mix,Amani kikohozi / mwili ulikuwa unatetemeka for 1 week,cough;ds_convulsions,true
passages_train_193,sw,anatapika,vomiting,true
passages_train_194,en,cannot drink for 1 week,ds_cannot_drink,true
passages_train_195,sw,Mtoto wa noor anatapika kila kitu,ds_vomits_everything;vomiting,true
passages_train_196,sw,anatapika kila anachokunya,ds_vomits_everything;vomiting,true
passages_train_197,mix,hawezi kunyonya,ds_cannot_drink,true
passages_train_198,en,Throwinng up,vomiting,true
passages_train_199,en,Amani: vomited,vomiting,true
passages_train_200,mix,convulsions for 1 week,ds_convulsions,true
passages_train_201,en,Baby breastfeeding well,,true
passages_train_202,sw,anaweza kunywa wiki moja,,true
passages_train_203,mix,msichana: anaugua homa,fever,true
passages_train_204,mix,stomach pain,pain,true
passages_train_205,sw,msichana ana degedege choo cha maji,diarrhoea;ds_convulsions,true
passages_train_206,sw,hana hoa siku nne,fever,true
passages_train_207,en,weak,weakness,true
passages_train_208,en,Vomited,vomiting,true
passages_train_209,sw,hajitambui tangu ajna,ds_lethargic,true
passages_train_210,sw,Amani joto jingi mwilini amechoka sana,fever;weakness,true
passages_train_211,sw,barabara ni mbaya abada ya mvua,,true
passages_train_212,sw,barabara ni mbaya baaada ya mvua,,true
passages_train_213,en,discussed the vaccination card,,true
passages_train_214,sw,ana kikohozi + anatapika kila anachokunywa kwa siku nne,cough;ds_vomits_everything;vomiting,true
passages_train_215,sw,maumivu ya tumbo kwa siku mbili,pain,true
passages_train_216,en,throws up everything for 1 week,ds_vomits_everything;vomiting,true
passages_train_217,en,Amani stomach pain convulsions for 1 week,ds_convulsions;pain,true
passages_train_218,sw,Msichana kutapika mara moja + kila anachokula anatapika tangu juzi,ds_vomits_everything;vomiting,true
passages_train_219,sw,kuhara,diarrhoea,true
passages_train_220,en,the mother: diarrhoea x3 days,diarrhoea,true
passages_train_221,sw,tumbo linauma,pain,true
passages_train_222,sw,Amekataa kunyonya,ds_cannot_drink,true
passages_train_223,en,coffee price went up,,true
passages_train_224,sw,Usingizi mzito wiki moja,ds_lethargic,true
passages_train_225,sw,Mtoto wake: kila anachokula anatapika,ds_vomits_everything;vomiting,true
passages_train_226,sw,mvulana homa tangu juzi,fever,true
passages_train_227,sw,kutapika mara moja tangu jana,vomiting,true
passages_train_228,sw,Mtoto wa noor anatapika kila anachokunywa tangu jana,ds_vomits_everything;vomiting,true
passages_train_229,sw,baba: hana nguvu wiki moja,weakness,true
passages_train_230,en,the girl: cough,cough,true
passages_train_231,en,Amani throws up everything x1 days,ds_vomits_everything;vomiting,true
passages_train_232,mix,Kila anachokula anatapiika for 1 days,ds_vomits_everything;vomiting,true
passages_train_233,sw,hajatapika / anatapika kila anachokunywa tangu juzi,ds_vomits_everything;vomiting,true
passages_train_234,sw,yuko macho,,true
passages_train_235,sw,leo mvua imenyesha snaa,,true
passages_train_236,mix,Si dhaifu,weakness,true
passages_train_237,en,family grows coffee and maize,,true
passages_train_238,en,baby: convullsions x3 days,ds_convulsions,true
passages_train_239,sw,mtoto: mwili una joto tangu juzi,fever,true
passages_train_240,mix,Vomits everything for 1 weeek,ds_vomits_everything;vomiting,true
passages_train_241,sw,mtoto waake joto jingi mwilini,fever,true
passages_train_242,sw,mtoto homa kali,fever,true
passages_train_243,sw,anacheza vizuri,,true
passages_train_244,mix,msichana: hana nguvu for 1 week,weakness,true
passages_train_245,mix,no vomiting,vomiting,true
passages_train_246,sw,wamepanda maharagwe,,true
passages_train_247,mix,baby: weak,weakness,true
passages_train_248,sw,mvulana dhaifu,weakness,true
passages_train_249,en,the child: vomits everything,ds_vomits_everything;vomiting,true
passages_train_250,sw,mtoto hana nguvu tangu juzi,weakness,true
passages_train_251,mix,Mvulana running stomach siku tano,diarrhoea,true
passages_train_252,en,Father: pain,pain,true
passages_train_253,mix,the boy: choo cha maji joto jingi mwilini for 4 days,diarrhoea;fever,true
passages_train_254,sw,Maumivu / anaendesha tangu juzi,diarrhoea;pain,true
passages_train_255,sw,Kutapika maa moja tangu juzi,vomiting,true
passages_train_256,sw,mvulana: kila anachokula anatapika siku nne,ds_vomits_everything;vomiting,true
passages_train_257,en,child no diarrhea,diarrhoea,true
passages_train_258,sw,si dhaifu siku mbili,weakness,true
passages_train_259,sw,Mtoto: kukohoa saana kwa siku nne,cough,true
passages_train_260,sw,Amani dhaifu,weakness,true
passages_train_261,sw,maumivu ya kichwa / usingizi mzito,ds_lethargic;pain,true
passages_train_262,sw,mama anauza maziwa sokoni,,true
passages_train_263,mix,fits kwa siku moja,ds_convulsions,true
passages_train_264,mix,no fever for 1 week,fever,true
passages_train_265,sw,Mtoto anatappika kila anachokunywa,ds_vomits_everything;vomiting,true
passages_train_266,mix,Child maumivu ya kichwa + unable to drink since yesterday,ds_cannot_drink;pain,true
passages_train_267,mix,anatapika ikla anachokunywa,ds_vomits_everything;vomiting,true
passages_train_268,sw,Mvulana: kutapika mara moja siku 1,vomiting,true
passages_train_269,sw,Amani: anakohoa,cough,true
passages_train_270,en,The child: very sleepy,ds_lethargic,true
passages_train_271,sw,mvulana amekataa kunyonya tangu juzi,ds_cannot_drink,true
passages_train_272,mix,Vomited,vomiting,true
passages_train_273,sw,Hanyonyi,ds_cannot_drink,true
passages_train_274,en,child not weak,weakness,true
passages_train_275,mix,anaugua homa,fever,true
passages_train_276,sw,hakunywa chochote wiki moja,ds_cannot_drink,true
passages_train_277,sw,mtoto wake: degedege + hanyonyi tangu jana,ds_cannot_drink;ds_convulsions,true
passages_train_278,en,not ewak,weakness,true
passages_train_279,sw,wamepanda maharaagwe,,true
passages_train_280,en,the girl denies pain 2 days,pain,true
passages_train_281,sw,kichwa kinauma siku 2,pain,true
passages_train_282,sw,leo mvua imenyesha sana,,true
passages_train_283,mix,mvulana kila anachokula anatapika kwa siku nne,ds_vomits_everything;vomiting,true
passages_train_284,en,child pain,pain,true
passages_train_285,sw,Mtoto wa noor: mwili una jotto siku mbili,fever,true
passages_train_286,en,Vomiting,vomiting,true
passages_train_287,sw,Anaendesha siku 3,diarrhoea,true
passages_train_288,en,family grows coffee and maize,,true
passages_train_289,sw,nimepita kwa nyumba ya jirani,,true
passages_train_290,sw,Tumbo haliumi,pain,true
passages_train_291,sw,hawezi kunyonya sikku 3,ds_cannot_drink,true
passages_train_292,sw,mtoto wake anatapika kila kitu / anaweza kunywa siku nne,ds_vomits_everything;vomiting,true
passages_train_293,mix,does not have fever anaendesha,diarrhoea;fever,true
passages_train_294,mix,the child: vomiting since yesterday,vomiting,true
passages_train_295,sw,hakuwa na degedege,,true
passages_train_296,sw,vmulana kukohoa sana siku tano,cough,true
passages_train_297,sw,nyumba ina maji safi,,true
passages_train_298,sw,jirani: si dhaifu amekataa kunyonya siku 5,ds_cannot_drink;weakness,true
passages_train_299,sw,anakunywa vizuri,,true
passages_train_300,en,throwing up,vomiting,true
passages_train_301,en,high fever,fever,true
passages_train_302,sw,Msichana: kuhara tangu juzi,diarrhoea,true
passages_train_303,sw,mtoto wake: kutapika,vomiting,true
passages_train_304,sw,amelegea,ds_lethargic,true
passages_train_305,en,Fever,fever,true
passages_train_306,sw,mtoto wake: kikohozi kikali tangu jana,cough,true
passages_train_307,sw,Amani kila anachokula anatapika tangu juzi,ds_vomits_everything;vomiting,true
passages_train_308,mix,msichana throws up everything x2 days,ds_vomits_everything;vomiting,true
passages_train_309,sw,Hana kuhara tangu jana,diarrhoea,true
passages_train_310,en,Amani stomach pain,pain,true
passages_train_311,en,baby: convulsions,ds_convulsions,true
passages_train_312,en,pain,pain,true
passages_train_313,mix,not able to drink tangu juzi,ds_cannot_drink,true
passages_train_314,sw,Amani kikohozi kikali / homa kali,cough;fever,true
passages_train_315,mix,amelegea,ds_lethargic,true
passages_train_316,sw,mama yake anatapika kila anachokunywa tangu jana,ds_vomits_everything;vomiting,true
passages_train_317,en,Hot boody for 1 days,fever,true
passages_train_318,mix,The child aantapika kila anachokunywa,ds_vomits_everything;vomiting,true
passages_train_319,en,no energy / unable to drink since yesterday,ds_cannot_drink;weakness,true
passages_train_320,en,Vomiting,vomiting,true
passages_train_321,mix,msichana: fits,ds_convulsions,true
passages_train_322,en,follow up visit planned,,true
passages_train_323,mix,Hana kuhara,diarrhoea,true
passages_train_324,sw,leo mvua imenyesha sana,,true
passages_train_325,sw,anaugua homa kwa siku mbili,fever,true
passages_train_326,mix,mtoto: convulsions tangu jana,ds_convulsions,true
passages_train_327,en,Amani has fever for 1 week,fever,true
passages_train_328,mix,fits wiki moja,ds_convulsions,true
passages_train_329,sw,tumbo linauma,pain,true
passages_train_330,en,headacche,pain,true
passages_train_331,sw,hana nguvu,weakness,true
passages_train_332,mix,The child: ana degedege / hakunywa chochote,ds_cannot_drink;ds_convulsions,true
passages_train_333,sw,mtoto wake: hanyonyi siku 4,ds_cannot_drink,true
passages_train_334,mix,headache,pain,true
passages_train_335,mix,Child weak playing normally for 1 week,weakness,true
passages_train_336,sw,mtoto kichwa kinauma,pain,true
passages_train_337,sw,mvulana kuhara siku 5,diarrhoea,true
passages_train_338,sw,Mtoto wa noor: kuharisha tangu jana,diarrhoea,true
passages_train_339,sw,mvulana: kila anachokula anatapika,ds_vomits_everything;vomiting,true
passages_train_340,mix,The child: hakuwa na degedege,,true
passages_train_341,sw,leo mvua imenyesha sana,,true
passages_train_342,en,fever x3 days,fever,true
passages_train_343,mix,the boy: anaugua homa,fever,true
passages_train_344,mix,Anatapika kia kitu tangu jana,ds_vomits_everything;vomiting,true
passages_train_345,mix,High fever,fever,true
passages_train_346,sw,mwili una joto wiki moja,fever,true
passages_train_347,en,stomach apin 5 days,pain,true
passages_train_348,sw,tulizungumza kuhusu kahawa,,true
passages_train_349,sw,hanyonyi,ds_cannot_drink,true
passages_train_350,mix,the boy vomiting everything,ds_vomits_everything;vomiting,true
passages_train_351,mix,The child: high fever for 3 days,fever,true
passages_train_352,sw,mtoto wa Noor kila anachokula anatapika wiki moja,ds_vomits_everything;vomiting,true
passages_train_353,sw,kila anachokula anatapika siku mbili,ds_vomits_everything;vomiting,true
passages_train_354,sw,kila anachokula anatapika tangu juzi,ds_vomits_everything;vomiting,true
passages_train_355,mix,baby throwing up siku 2,vomiting,true
passages_train_356,mix,Amani: amechoka saana siku nne,weakness,true
passages_train_357,sw,tulizungumza kuhusu kahawa,,true
passages_train_358,sw,Alipaata degedege,ds_convulsions,true
passages_train_359,sw,hakohoi,cough,true
passages_train_360,sw,bibi: si dhaifu tangu juzi,weakness,true
passages_train_361,en,Amani running stomach + unbale to drink,diarrhoea;ds_cannot_drink,true
passages_train_362,sw,nimepita kwa nyumba ya jirani,,true
passages_train_363,mix,Usingizi mzito wiki moja,ds_lethargic,true
passages_train_364,sw,Usingizi mzito kwa siku moja,ds_lethargic,true
passages_train_365,sw,mamma anauza maziwa sokoni,,true
passages_train_366,sw,kukohoa sana siku 4,cough,true
passages_train_367,en,not weak since yesterday,weakness,true
passages_train_368,sw,barabara ni mbaya baada ya mvua,,true
passages_train_369,mix,jirani: very sleepy for 4 days,ds_lethargic,true
passages_train_370,mix,throws up everything,ds_vomits_everything;vomiting,true
passages_train_371,mix,Anatapika kila kitu,ds_vomits_everything;vomiting,true
passages_train_372,sw,Hana homa + kichwa kinauma,fever;pain,true
passages_train_373,en,running stomach x4 daays,diarrhoea,true
passages_train_374,sw,Amani hakuwa na degedege + dhaifu,weakness,true
passages_train_375,sw,tulizungumza kuhusu kahawa,,true
passages_train_376,sw,msichana joto jingi mwilini wiki moja,fever,true
passages_train_377,en,Unconscious 5 days,ds_lethargic,true
passages_train_378,mix,mvvulana kuharisha,diarrhoea,true
passages_train_379,mix,unable to breastfeed for 1 week,ds_cannot_drink,true
passages_train_380,en,Baby vomits everything for 3 days,ds_vomits_everything;vomiting,true
passages_train_381,sw,mama anauza maziwa sokoni,,true
passages_train_382,sw,hana homa,fever,true
passages_train_383,sw,barabara ni mbaya baada ya mvua,,true
passages_train_384,en,The child: no diarrhoea since yesterday,diarrhoea,true
passages_train_385,en,Not weak for 1 week,weakness,true
passages_train_386,sw,maumivu ya tumbo,pain,true
passages_train_387,mix,mvulana ametapika,vomiting,true
passages_train_388,en,pain,pain,true
passages_train_389,mix,kichwa kinauma x4 days,pain,true
passages_train_390,en,weak since yesterday,weakness,true
passages_train_391,mix,kukohoa sana wiki moja,cough,true
passages_train_392,sw,mAani hana nguvu,weakness,true
passages_train_393,en,Diarrhoea x2 days,diarrhoea,true
passages_train_394,mix,Mtoto: not weak,weakness,true
passages_train_395,sw,jirani: kifafa,ds_convulsions,true
passages_train_396,sw,Amani usingizi mzito + anatapika kila anachokunywa,ds_lethargic;ds_vomits_everything;vomiting,true
passages_train_397,en,The girl not weak for 5 days,weakness,true
passages_train_398,sw,msichana choo cha maji siku tatu,diarrhoea,true
passages_train_399,sw,mtoto wake: amezimia tangu juzi,ds_lethargic,true
passages_train_400,sw,Mtoto anatapika,vomiting,true
passages_train_401,sw,leo vmua imenyesha sana,,true
passages_train_402,sw,mtoto wa Noor kuharisha kila anachokula anatapika,diarrhoea;ds_vomits_everything;vomiting,true
passages_train_403,mix,kila anachokula anatapika,ds_vomits_everything;vomiting,true
passages_train_404,sw,hana kikohozi,cough,true
passages_train_405,en,routine household visit,,true
passages_train_406,mix,had convulsions,ds_convulsions,true
passages_train_407,sw,Si dhaifu,weakness,true
passages_train_408,sw,mtoto wake degedgee siku tano,ds_convulsions,true
passages_train_409,en,Baaby unable to drink,ds_cannot_drink,true
passages_train_410,sw,tulizungumza kuhusu kahawa,,true
passages_train_411,sw,hawezi kuamka,ds_lethargic,true
passages_train_412,en,convulsions x2 days,ds_convulsions,true
passages_train_413,en,Unable to breastfeed,ds_cannot_drink,true
passages_train_414,en,throwing up for 4 days,vomiting,true
passages_train_415,sw,Amani: kuharisha,diarrhoea,true
passages_train_416,sw,mwili ulikuwa unatetemeka tangu jana,ds_convulsions,true
passages_train_417,sw,anatapika kila anachokunywa,ds_vomits_everything;vomiting,true
passages_train_418,en,vomited,vomiting,true
passages_train_419,mix,mnyonge x4 days,weakness,true
passages_train_420,en,child vomits everything,ds_vomits_everything;vomiting,true
passages_train_421,en,discussed the vacciantion card,,true
passages_train_422,sw,watoto wako shuleni,,true
passages_train_423,sw,amelegea,ds_lethargic,true
passages_train_424,en,children are at school,,true
passages_train_425,mix,Neighbour not able to drink,ds_cannot_drink,true
passages_train_426,mix,hakuwa na degedege,,true
passages_train_427,en,family grows coffee and maize,,true
passages_train_428,sw,amechoka sana,weakness,true
passages_train_429,sw,bibi ana degedege siku tano,ds_convulsions,true
passages_train_430,mix,mtoto wake coughing / hakunywa chochote tangu juzi,cough;ds_cannot_drink,true
passages_train_431,sw,Amani: mwili una joto,fever,true
passages_train_432,sw,msichana maumivu ya kichwa siku nne,pain,true
passages_train_433,sw,Maumivu ya kichwa,pain,true
passages_train_434,en,the boy abdominal pain,pain,true
passages_train_435,sw,mtoto wake: anaharisha,diarrhoea,true
passages_train_436,sw,Amezimia + kifafa,ds_convulsions;ds_lethargic,true
passages_train_437,en,child headache 5 days,pain,true
passages_train_438,mix,the girl throws up everythig for 1 week,ds_vomits_everything;vomiting,true
passages_train_439,en,has fever,fever,true
passages_train_440,mix,Abdominal pain / very weak for 1 week,pain;weakness,true
passages_train_441,sw,maumivu ya tumbo,pain,true
passages_train_442,sw,nyumba ina maji safi,,true
passages_train_443,sw,watoto wako shuleni,,true
passages_train_444,sw,ana kikohozi,cough,true
passages_train_445,sw,Mvulana hana nguvu,weakness,true
passages_train_446,sw,ana degedege,ds_convulsions,true
passages_train_447,en,Vomted,vomiting,true
passages_train_448,sw,anaendesha,diarrhoea,true
passages_train_449,mix,abdominal apin for 4 days,pain,true
passages_train_450,en,father diarrhea since yesterday,diarrhoea,true
passages_train_451,en,The boy: pain x2 days,pain,true
passages_train_452,en,high fever,fever,true
passages_train_453,mix,the boy: no diarrhoea,diarrhoea,true
passages_train_454,sw,mtoto wake kukohoa sana,cough,true
passages_train_455,sw,msichana: kikohozi tangu jana,cough,true
passages_train_456,sw,hawezi kunyonya siku 4,ds_cannot_drink,true
passages_train_457,en,baby pain + no diarrhea since yesterday,diarrhoea;pain,true
passages_train_458,sw,Amani anacheza vizuri,,true
passages_train_459,en,the girl: diarrhea,diarrhoea,true
passages_train_460,sw,msichana: hakunywa chochote,ds_cannot_drink,true
passages_train_461,mix,Anacheza vizuri for 3 das,,true
passages_train_462,en,the child no fever,fever,true
passages_train_463,sw,leo mvua imenyesha sana,,true
passages_train_464,sw,watoto wako shuleni,,true
passages_train_465,en,Child unconscious 2 days,ds_lethargic,true
passages_train_466,sw,msichana hana nguvu,weakness,true
passages_train_467,en,vomits everything since yesterday,ds_vomits_everything;vomiting,true
passages_train_468,en,follow up visit planned,,true
passages_train_469,sw,mtoto wake: maumivu + amechoka sana wiki moja,pain;weakness,true
passages_train_470,sw,msichana kuhara,diarrhoea,true
passages_train_471,sw,chooo cha maji,diarrhoea,true
passages_train_472,sw,mtoto wa Noor: si dhaifu siku mbii,weakness,true
passages_train_473,sw,Jirani: kukohoa sana ana homa siku mbili,cough;fever,true
passages_train_474,en,vomiing since yesterday,vomiting,true
passages_train_475,mix,mvulana: not weaak,weakness,true
passages_train_476,sw,mtoto: hajatapika,vomiting,true
passages_train_477,mix,mtoto wake anaharisha,diarrhoea,true
passages_train_478,sw,Mtoto wake: maumivu ya tumbo,pain,true
passages_train_479,sw,Maumivu siku 2,pain,true
passages_train_480,sw,anatapika wiki moja,vomiting,true
passages_train_481,en,breastfeeding well 1 days,,true
passages_train_482,sw,Baba: mwili ulikuwa unatetemeka,ds_convulsions,true
passages_train_483,sw,Mama yake maumivu ya tumbo,pain,true
passages_train_484,sw,hana nguvu,weakness,true
passages_train_485,en,vomits everyting for 2 days,ds_vomits_everything;vomiting,true
passages_train_486,sw,Mtoto wa noor haharishi,diarrhoea,true
passages_train_487,mix,mvulana: ana kikohozi + high fever tangu jana,cough;fever,true
passages_train_488,sw,Amani: anaugua homa wiki moja,fever,true
passages_train_489,sw,hana maumivu siku tatu,pain,true
passages_train_490,mix,mama yake: choo cha maji,diarrhoea,true
passages_train_491,sw,nimepita kwa nyumba ya jirani,,true
passages_train_492,sw,leo mvua imenyesha sana,,true
passages_train_493,mix,kuahra,diarrhoea,true
passages_train_494,sw,tulizungumza kuhusu kahawa,,true
passages_train_495,sw,mwili una joto wiki moja,fever,true
passages_train_496,en,child vomits everything,ds_vomits_everything;vomiting,true
passages_train_497,mix,Abdominal pain siku 4,pain,true
passages_train_498,en,baby fever,fever,true
passages_train_499,en,The mother no ifts for 1 week,,true
passages_train_500,mix,Amekataa kunyonya,ds_cannot_drink,true
passages_train_501,en,throwing up since yesterday,vomiting,true
passages_train_502,en,Has efver x1 days,fever,true
passages_train_503,sw,mwili ulikuwa unatetemeka,ds_convulsions,true
passages_train_504,mix,Child kutapika siku mbili,vomiting,true
passages_train_505,sw,mtoto maumivu ya tumbo,pain,true
passages_train_506,en,mother sells milk at the market,,true
passages_train_507,mix,amezimia since yesterday,ds_lethargic,true
passages_train_508,sw,Hakuwa na degedege kwa siku tatu,,true
passages_train_509,sw,hajitambui,ds_lethargic,true
passages_train_510,sw,mwili ulikuwa unatetemeka,ds_convulsions,true
passages_train_511,sw,Amani: homa kali,fever,true
passages_train_512,sw,maumivu + anakohoa,cough;pain,true
passages_train_513,sw,mvulana kila anachokula anatapika,ds_vomits_everything;vomiting,true
passages_train_514,sw,tulizungumza kuhusu kahawa,,true
passages_train_515,mix,not vomiting,vomiting,true
passages_train_516,sw,Kutapika mara moja,vomiting,true
passages_train_517,sw,ananyonya vizuri / kutapika mara moja wiki moja,vomiting,true
passages_train_518,sw,anaugua homa siku 1,fever,true
passages_train_519,en,Child vomiting everything for 1 days,ds_vomits_everything;vomiting,true
passages_train_520,mix,no fits,,true
passages_train_521,sw,Bibi: anatapika,vomiting,true
passages_train_522,sw,kukohoa sana,cough,true
passages_train_523,sw,mtoto mwili ulikuwa unatetemeka,ds_convulsions,true
passages_train_524,mix,Diarrhoea siku 2,diarrhoea,true
passages_train_525,en,The girl no fits + playing normally for 1 days,,true
passages_train_526,sw,ana kikohozi kwa siku moja,cough,true
passages_train_527,sw,ametapika,vomiting,true
passages_train_528,mix,Baby: hakuwa na degedege,,true
passages_train_529,sw,amekataa kunyonya siku 2,ds_cannot_drink,true
passages_train_530,sw,Amani: anakohoa,cough,true
passages_train_531,mix,anakohoa,cough,true
passages_train_532,en,the boy: not able to drink,ds_cannot_drink,true
passages_train_533,mix,baby hana nguvu for 1 week,weakness,true
passages_train_534,mix,mvulana fits,ds_convulsions,true
passages_train_535,sw,Kila anachokula anatapika,ds_vomits_everything;vomiting,true
passages_train_536,sw,Amezimia + alipata degedege wiki moja,ds_convulsions;ds_lethargic,true
passages_train_537,en,the child: vomits everything x1 days,ds_vomits_everything;vomiting,true
passages_train_538,en,discussed the vaccination card,,true
passages_train_539,mix,The girl: hawezi kunywa + kikoozi kikali,cough;ds_cannot_drink,true
passages_train_540,en,child: throwing up,vomiting,true
passages_train_541,en,discussed the vaccination card,,true
passages_train_542,sw,hanyonyi,ds_cannot_drink,true
passages_train_543,sw,ana hmoa,fever,true
passages_train_544,en,the girl: very sleepy since yesterday,ds_lethargic,true
passages_train_545,en,family grows coffee and maize,,true
passages_train_546,sw,amelegea / joto jingi mwilini,ds_lethargic;fever,true
passages_train_547,mix,the boy vomiting for 1 week,vomiting,true
passages_train_548,sw,watoto wako shuleni,,true
passages_train_549,en,no vomiting since yesterday,vomiting,true
passages_train_550,sw,mama: kila anachokula anatapika kwa siku tatu,ds_vomits_everything;vomiting,true
passages_train_551,sw,mvulana: si dhaifu,weakness,true
passages_train_552,mix,choo cha maji,diarrhoea,true
passages_train_553,mix,anatapika kila kitu,ds_vomits_everything;vomiting,true
passages_train_554,sw,Amani anatapika kila anachokunywa siku tano,ds_vomits_everything;vomiting,true
passages_train_555,sw,mvulana: degedege tangu jana,ds_convulsions,true
passages_train_556,en,child: denies pain for 1 week,pain,true
passages_train_557,en,The child: running stomach for 1 week,diarrhoea,true
passages_train_558,en,headache 5 days,pain,true
passages_train_559,en,Baby coughing,cough,true
passages_train_560,en,child hot body x2 days,fever,true
passages_train_561,en,Vomits everything x4 days,ds_vomits_everything;vomiting,true
passages_train_562,en,Hard to wake 3 days,ds_lethargic,true
passages_train_563,sw,tutarudi wiki ijayo kwa ziara,,true
passages_train_564,en,Unable to breastfeed 1 days,ds_cannot_drink,true
passages_train_565,mix,Baby: maumivu ya tumbo,pain,true
passages_train_566,sw,nimepita kwa nyumba ya jirani,,true
passages_train_567,en,Not able to drink / has fever 1 days,ds_cannot_drink;fever,true
passages_train_568,mix,homa kali wiki moja,fever,true
passages_train_569,sw,Mnyonge,weakness,true
passages_train_570,en,very weak since yesterday,weakness,true
passages_train_571,mix,hawezi kunyonya kichwa kinauma for 1 week,ds_cannot_drink;pain,true
passages_train_572,sw,msichana: dhaifu,weakness,true
passages_train_573,en,follow up visit planned,,true
passages_train_574,en,the boy no diarrhea,diarrhoea,true
passages_train_575,sw,msichana: amekataa kunyonya kwa siku tano,ds_cannot_drink,true
passages_train_576,sw,Mtoto wa noor homa kali + kila anachokula anatapika siku nne,ds_vomits_everything;fever;vomiting,true
passages_train_577,en,unable to drink since yesterday,ds_cannot_drink,true
passages_train_578,en,fits,ds_convulsions,true
passages_train_579,sw,Amani: kuhara kwa siku tano,diarrhoea,true
passages_train_580,sw,anatapika kila anachokunywa kwa siku mbili,ds_vomits_everything;vomiting,true
passages_train_581,sw,mama anauza mazwa sokoni,,true
passages_train_582,mix,mtoto wake: alet for 2 days,,true
passages_train_583,sw,Hana kuhara siku 2,diarrhoea,true
passages_train_584,sw,Amani: hawezi kunyonya,ds_cannot_drink,true
passages_train_585,en,the child: cannot drink,ds_cannot_drink,true
passages_train_586,mix,had convulsions,ds_convulsions,true
passages_train_587,sw,mtoto wa Noor kuharisha siku moja,diarrhoea,true
passages_train_588,en,the road was muddy,,true
passages_train_589,sw,Mama yake anatapika kila anachokunywa wiki moja,ds_vomits_everything;vomiting,true
passages_train_590,sw,mvulana kutapika wiki moja,vomiting,true
passages_train_591,sw,Amani hana kikohozi,cough,true
passages_train_592,sw,anatapika kila kitu,ds_vomits_everything;vomiting,true
passages_train_593,en,Drinking well,,true
passages_train_594,en,the girl high fever,fever,true
passages_train_595,en,Unconscious,ds_lethargic,true
passages_train_596,sw,Amelega siku 3,ds_lethargic,true
passages_train_597,mix,Hawzei kunywa,ds_cannot_drink,true
passages_train_598,mix,bibi: playing normally,,true
passages_train_599,en,the boy very sleepy,ds_lethargic,true
passages_train_600,sw,nimepita kwa nyumba ya jirani,,true
passages_train_601,sw,msichana dhaifu,weakness,true
passages_train_602,mix,Hana nguvu 2 days,weakness,true
passages_train_603,en,no cough for 5 days,cough,true
passages_train_604,en,the boy throws up evverything,ds_vomits_everything;vomiting,true
passages_train_605,mix,Mtoto wake mwili ulikuwa unatetemeka,ds_convulsions,true
passages_train_606,sw,mtoto wa Noor: hatapiki wiki mojja,vomiting,true
passages_train_607,en,wter point is far,,true
passages_train_608,en,not able to drink,ds_cannot_drink,true
passages_train_609,mix,baby hana homa siku 4,fever,true
passages_train_610,sw,mvulana kukohoa sana,cough,true
passages_train_611,mix,vomits everything,ds_vomits_everything;vomiting,true
passages_train_612,mix,Amani: amechoka sana tangu jana,weakness,true
passages_train_613,sw,wamepanda maharagwe,,true
passages_train_614,sw,Hawezi kunywa wiki moja,ds_cannot_drink,true
passages_train_615,en,no convulsions,,true
passages_train_616,sw,anatapika kila anachokunywa kwa sikku nne,ds_vomits_everything;vomiting,true
passages_train_617,en,Amani: alert,,true
passages_train_618,sw,anatapika kila anachokunywa,ds_vomits_everything;vomiting,true
passages_train_619,sw,Amani: maumivu ya kichwa,pain,true
passages_train_620,en,Amni: vomited for 1 week,vomiting,true
passages_train_621,sw,kutapika mara moja siku nne,vomiting,true
passages_train_622,sw,mtoto: hanyonyi / homa kali siku 4,ds_cannot_drink;fever,true
passages_train_623,mix,Mtoto wake: ananyonya vizuri since yesterday,,true
passages_train_624,sw,hawezi kunywa,ds_cannot_drink,true
passages_train_625,sw,degedege + kukohoa sanna kwa siku mbili,cough;ds_convulsions,true
passages_train_626,mix,Mtoto wake anaendesha / hard to wake tangu juzi,diarrhoea;ds_lethargic,true
passages_train_627,sw,watoto wako shuleni,,true
passages_train_628,sw,Bibi: hakunywa chochote wiki moja,ds_cannot_drink,true
passages_train_629,sw,Hakuwa na degedege siku 2,,true
passages_train_630,mix,throwing up siku 2,vomiting,true
passages_train_631,mix,Hakunywa chochote skiu moja,ds_cannot_drink,true
passages_train_632,mix,hanyonyi kwa siku moja,ds_cannot_drink,true
passages_train_633,en,child: alert for 1 days,,true
passages_train_634,sw,Mvulana hawezi kuamka tangu jana,ds_lethargic,true
passages_train_635,sw,Mama ametapika tangu jana,vomiting,true
passages_train_636,sw,mtoto wa Noor: anatapika kila anachokunywa kwa siku tano,ds_vomits_everything;vomiting,true
passages_train_637,mix,mvulana vomiting,vomiting,true
passages_train_638,sw,Amani anatapika kiila anachokunywa / ana degedege,ds_convulsions;ds_vomits_everything;vomiting,true
passages_train_639,sw,mtoto wake anatapika kila anachokunywa,ds_vomits_everything;vomiting,true
passages_train_640,sw,wamepanda maharagwe,,true
passages_train_641,en,breastfeeding well haedache,pain,true
passages_train_642,mix,hard to wake siku 3,ds_lethargic,true
passages_train_643,sw,amechoka sana,weakness,true
passages_train_644,mix,mvulana fever 2 days,fever,true
passages_train_645,sw,anaharisha siku 3,diarrhoea,true
passages_train_646,sw,dhaifu,weakness,true
passages_train_647,sw,Msichana: amelegea,ds_lethargic,true
passages_train_648,sw,mvulana maumivu ya tumbo kutapika mara moja kwa siku nne,pain;vomiting,true
passages_train_649,en,throwing up,vomiting,true
passages_train_650,en,running stomach,diarrhoea,true
passages_train_651,en,The girl pain for 1 week,pain,true
passages_train_652,sw,Anakohoa tangu jana,cough,true
passages_train_653,sw,hawezi kuamka anaharisha,diarrhoea;ds_lethargic,true
passages_train_654,en,The child: unconscious x1 days,ds_lethargic,true
passages_train_655,mix,hana kikohozi kwa siku mbili,cough,true
passages_train_656,sw,barabara ni mbaya baada ya mvua,,true
passages_train_657,en,the road was muddy,,true
passages_train_658,en,Child vomiting everything,ds_vomits_everything;vomiting,true
passages_train_659,sw,amelegea hatapiki siu 2,ds_lethargic;vomiting,true
passages_train_660,en,visited the household this morning,,true
passages_train_661,sw,kutapika wiki moja,vomiting,true
passages_train_662,sw,leo mvua imenyesha sana,,true
passages_train_663,mix,has fever,fever,true
passages_train_664,mix,Amani: abdominal pain since yestterday,pain,true
passages_train_665,sw,jirani ana kikohozi / kutapika mara moja,cough;vomiting,true
passages_train_666,en,discussed the vaccination card,,true
passages_train_667,en,the child diarrhoea,diarrhoea,true
passages_train_668,mix,hot bdoy,fever,true
passages_train_669,mix,the girl: ana degedege,ds_convulsions,true
passages_train_670,en,visited the household this morning,,true
passages_train_671,en,Child diarrhoea for 4 days,diarrhoea,true
passages_train_672,sw,mtoto wake hakunywa chochote,ds_cannot_drink,true
passages_train_673,mix,anatapika kila kitu,ds_vomits_everything;vomiting,true
passages_train_674,sw,amechoka sna,weakness,true
passages_train_675,en,high fever,fever,true
passages_train_676,en,the boy not weak 3 days,weakness,true
passages_train_677,mix,hajatapika alipata degedege,ds_convulsions;vomiting,true
passages_train_678,mix,vomiteed,vomiting,true
passages_train_679,sw,mvulana: ametapika tangu juzi,vomiting,true
passages_train_680,mix,mama yake: kila anachokula anatapika fever,ds_vomits_everything;fever;vomiting,true
passages_train_681,sw,mtoto wa Noor ametapika wiki moja,vomiting,true
passages_train_682,mix,child unconscious,ds_lethargic,true
passages_train_683,mix,the child hawezi kunyonya,ds_cannot_drink,true
passages_train_684,sw,Hana kikohozi wiki moja,cough,true
passages_train_685,mix,The child bad cough,cough,true
passages_train_686,sw,barabara ni mbaya baada ya mvua,,true
passages_train_687,sw,Bibi: anakohoa,cough,true
passages_train_688,sw,mtoto wa Noor amekataa kunyonya siku attu,ds_cannot_drink,true
passages_train_689,sw,kutapika mara moja,vomiting,true
passages_train_690,mix,the boy: weak wiki moja,weakness,true
passages_train_691,en,baby high fever for 5 days,fever,true
passages_train_692,sw,nimepita kwa nyumba ya jirani,,true
passages_train_693,mix,Amani high fever for 1 week,fever,true
passages_train_694,mix,running stomach for 1 week,diarrhoea,true
passages_train_695,en,mother sells milk at the market,,true
passages_train_696,sw,maumivu ya kichwa tangu juzi,pain,true
passages_train_697,mix,mtoto wake degedege,ds_convulsions,true
passages_train_698,en,vomiting everything,ds_vomits_everything;vomiting,true
passages_train_699,sw,familia ina shamba la mahindi,,true
passages_train_700,en,no pain,pain,true
passages_train_701,mix,kikohozi,cough,true
passages_train_702,sw,Mvulana: kukohoa sana,cough,true
passages_train_703,sw,Mtoto wa noor joto jingi mwilini / dhaifu sku 4,fever;weakness,true
passages_train_704,sw,Mtoto wa noor: anatapika kila anachokunywa siku 1,ds_vomits_everything;vomiting,true
passages_train_705,sw,barabara ni mbaya baada ya mvua,,true
passages_train_706,sw,hatapiki siku tano,vomiting,true
passages_train_707,sw,Amani: degedege,ds_convulsions,true
passages_train_708,en,mother sells milk at the market,,true
passages_train_709,mix,degedege kwa siku nne,ds_convulsions,true
passages_train_710,en,The child thrwoing up x3 days,vomiting,true
passages_train_711,sw,Amani: mnyonge,weakness,true
passages_train_712,mix,mtoto wa Noor haharishi + anatapkia,diarrhoea;vomiting,true
passages_train_713,en,mother sells milk at the market,,true
passages_train_714,sw,Jirani maumivu ya tumbo tangu jana,pain,true
passages_train_715,mix,maumivu ya tumbo,pain,true
passages_train_716,en,bad cogh x5 days,cough,true
passages_train_717,en,the boy not able to drink for 1 week,ds_cannot_drink,true
passages_train_718,sw,wamepanda maharagwe,,true
passages_train_719,mix,mvulana ihgh fever x1 days,fever,true
passages_train_720,sw,Mtot: anaendesha siku 5,diarrhoea,true
passages_train_721,en,not ablle to drink for 5 days,ds_cannot_drink,true
passages_train_722,mix,Msichana no fits + hawezi kuamka kwa siku tatu,ds_lethargic,true
passages_train_723,sw,haa nguvu,weakness,true
passages_train_724,sw,hajatapika,vomiting,true
passages_train_725,sw,Mtotto wake: maumivu tangu jana,pain,true
passages_train_726,en,has fever,fever,true
passages_train_727,sw,hayonyi,ds_cannot_drink,true
passages_train_728,sw,Alipata degedege siku moja,ds_convulsions,true
passages_train_729,en,The boy: higgh fever,fever,true
passages_train_730,mix,mtoto wake: has fever tangu juzi,fever,true
passages_train_731,sw,tumbo linauma siku mbili,pain,true
passages_train_732,mix,mama: diarrhoea,diarrhoea,true
passages_train_733,en,grandmother weak hot bdy,fever;weakness,true
passages_train_734,sw,msichana anaendesha kwa siku tano,diarrhoea,true
passages_train_735,en,very sleepy x2 dyas,ds_lethargic,true
passages_train_736,sw,anatapika kila anachokunywa,ds_vomits_everything;vomiting,true
passages_train_737,mix,the girl: kila anachokuula anatapika kwa siku mbili,ds_vomits_everything;vomiting,true
passages_train_738,sw,hawezi kuamka,ds_lethargic,true
passages_train_739,sw,Kutapika wiki moja,vomiting,true
passages_train_740,en,father: has fever for 1 week,fever,true
passages_train_741,sw,Amani: maumivu ya kichwa,pain,true
passages_train_742,sw,mtoto wake: kikohozi anaugua homa,cough;fever,true
passages_train_743,sw,Anaendesha + tumbo haliumi wiki moja,diarrhoea;pain,true
passages_train_744,mix,the child: stomach pain siku nne,pain,true
passages_train_745,sw,Mvulana anakohoa siku 5,cough,true
passages_train_746,en,has fever for 1 daays,fever,true
passages_train_747,mix,child diarrhoea for 1 week,diarrhoea,true
passages_train_748,sw,familia ina shamba la maahindi,,true
passages_train_749,sw,wamepanda maharagwe,,true
passages_train_750,sw,familia ina shmba la mahindi,,true
passages_train_751,sw,mama anauza maziwa sokoni,,true
passages_train_752,mix,Mtoto wake kichwa kinauma x1 days,pain,true
passages_train_753,sw,Ana kikohozi,cough,true
passages_train_754,sw,kutaika tangu jana,vomiting,true
passages_train_755,mix,No energy cough,cough;weakness,true
passages_train_756,mix,the child dhaifu,weakness,true
passages_train_757,sw,mvulaa: hajitambui,ds_lethargic,true
passages_train_758,sw,mtoto wake amekataa kunyonya tangu juzi,ds_cannot_drink,true
passages_train_759,sw,mtoto wake alipata degedege / homa kali,ds_convulsions;fever,true
passages_train_760,sw,mtoto wake: mwili ulikuwa unatetemeka,ds_convulsions,true
passages_train_761,mix,Amain: maumivu ya tumbo since yesterday,pain,true
passages_train_762,sw,mtoto wake homa kali / anakohoa,cough;fever,true
passages_train_763,en,Convulsions,ds_convulsions,true
passages_train_764,sw,Maumivu ya tumbo,pain,true
passages_train_765,sw,Anaedesha,diarrhoea,true
passages_train_766,en,vomits everything,ds_vomits_everything;vomiting,true
passages_train_767,en,Very sleepy,ds_lethargic,true
passages_train_768,sw,anatapika,vomiting,true
passages_train_769,mix,tumbo haliumi,pain,true
passages_train_770,en,Child coughing for 1 week,cough,true
passages_train_771,sw,Choo cha maji skiu moja,diarrhoea,true
passages_train_772,en,vomiting everything,ds_vomits_everything;vomiting,true
passages_train_773,sw,anakohoa tangu juzi,cough,true
passages_train_774,mix,The child kichwa kinauma x1 days,pain,true
passages_train_775,sw,mtoto wake amechoka sana wiki moja,weakness,true
passages_train_776,mix,hakohoi for 5 days,cough,true
passages_train_777,sw,mama anauza maziwa sokoni,,true
passages_train_778,mix,the girl unconscious / ananyonya vizuri wiki moja,ds_lethargic,true
passages_train_779,sw,amelegea,ds_lethargic,true
passages_train_780,sw,barabara ni mbaya baada ya mvua,,true
passages_train_781,sw,Amani: mwili una joto,fever,true
passages_train_782,sw,kila anachokula anatapika,ds_vomits_everything;vomiting,true
passages_train_783,sw,leo mvua imenyesha sana,,true
passages_train_784,en,abbdominal pain,pain,true
passages_train_785,mix,Anaharisha,diarrhoea,true
passages_train_786,en,unconscious x5 days,ds_lethargic,true
passages_train_787,mix,mvulana hard to wake,ds_lethargic,true
passages_train_788,mix,hana maumivu,pain,true
passages_train_789,sw,msichana: kuhara,diarrhoea,true
passages_train_790,sw,tutarudi wiki ijayo kwa ziara,,true
passages_train_791,sw,leo mvua imenyesha sana,,true
passages_train_792,sw,Mtoto maumivu ya kichwa + kikohozi kikali,cough;pain,true
passages_train_793,mix,Amani not able to drnik,ds_cannot_drink,true
passages_train_794,en,coughing since yesterday,cough,true
passages_train_795,en,the road was muddy,,true
passages_train_796,mix,anakunywa vizuri,,true
passages_train_797,sw,Alipata degedege,ds_convulsions,true
passages_train_798,en,Amani vomiting everything since yesterday,ds_vomits_everything;vomiting,true
passages_train_799,sw,wamepanda maharagwe,,true
passages_train_800,sw,mtoto wa Noor: hawezi kuamka siku nne,ds_lethargic,true
passages_train_801,mix,Mvulana unable to breastfeed / vomiting everyhing,ds_cannot_drink;ds_vomits_everything;vomiting,true
passages_train_802,mix,mtoto wa Noor hawezi kuamka,ds_lethargic,true
passages_train_803,sw,nimepita kwa nyumba ya jirani,,true
passages_train_804,sw,leo mvua imenyesha sana,,true
passages_train_805,sw,nyumba ina maji safi,,true
passages_train_806,sw,Mama yake: anaugua homa siku 2,fever,true
passages_train_807,en,mother sells milk at the market,,true
passages_train_808,en,follow up visit planned,,true
passages_train_809,mix,kifaffa,ds_convulsions,true
passages_train_810,sw,Amani: maumivu,pain,true
passages_train_811,mix,baby: very weak,weakness,true
passages_train_812,sw,mtoto wake yuko macho,,true
passages_train_813,sw,mtoto: alipata degedege,ds_convulsions,true
passages_train_814,mix,Mttoto wa noor amezimia,ds_lethargic,true
passages_train_815,sw,Amani: haezi kunyonya,ds_cannot_drink,true
passages_train_816,sw,Kicchwa kinauma siku moja,pain,true
passages_train_817,en,Bad cough / unable to drink since yesterday,cough;ds_cannot_drink,true
passages_train_818,sw,mvulana kutapika mara moja,vomiting,true
passages_train_819,sw,hana kikohozi,cough,true
passages_train_820,sw,Anaugua homa,fever,true
passages_train_821,sw,anatapika,vomiting,true
passages_train_822,sw,hawezi kunyonya,ds_cannot_drink,true
passages_train_823,en,Vomits everything throwing up,ds_vomits_everything;vomiting,true
passages_train_824,en,The boy: lethargic,ds_lethargic,true
passages_train_825,mix,Tumbo linaua,pain,true
passages_train_826,mix,cannot drink for 1 week,ds_cannot_drink,true
passages_train_827,mix,stomach pain x1 days,pain,true
passages_train_828,sw,hakuwa na degedege,,true
passages_train_829,sw,Hana kuhara,diarrhoea,true
passages_train_830,sw,ana kikohozi siku tatu,cough,true
passages_train_831,sw,hatapiki tangu juzi,vomiting,true
passages_train_832,sw,mtoto wa Noor hajatapika kwa siku tatu,vomiting,true
passages_train_833,sw,amekataa kunyonya tagnu juzi,ds_cannot_drink,true
passages_train_834,en,Amani: bad cough,cough,true
passages_train_835,sw,mtoto wa Noor alipata degedege,ds_convulsions,true
passages_train_836,en,Lethargic for 4 days,ds_lethargic,true
passages_train_837,sw,Mvulana: kila anachokula anatapika tangu jana,ds_vomits_everything;vomiting,true
passages_train_838,mix,playing normally for 1 week,,true
passages_train_839,sw,Kiifafa siku tano,ds_convulsions,true
passages_train_840,sw,msichana: anakunywa vizuri tangu juzi,,true
passages_train_841,mix,Fits,ds_convulsions,true
passages_train_842,sw,Amani anacheza vzuri,,true
passages_train_843,sw,anaweza kunywa + kutapika,vomiting,true
passages_train_844,en,very sleepy,ds_lethargic,true
passages_train_845,mix,Child: unable to drink,ds_cannot_drink,true
passages_train_846,en,alert 2 days,,true
passages_train_847,sw,msichana hana nguvu,weakness,true
passages_train_848,en,Amani: cannot drnk,ds_cannot_drink,true
passages_train_849,sw,tutarudi wiki ijayo kwa ziara,,true
passages_train_850,mix,hana nguvu,weakness,true
passages_train_851,sw,mtoto wa Noor hakuwa na degedege + anatapika kila anachokunywa,ds_vomits_everything;vomiting,true
passages_train_852,sw,Amani: mnyonge kutapika,vomiting;weakness,true
passages_train_853,mix,Kuhara 1 days,diarrhoea,true
passages_train_854,sw,Amani: ana degedege wiki moja,ds_convulsions,true
passages_train_855,sw,kifafa siku 4,ds_convulsions,true
passages_train_856,sw,Mtoto: kutapika,vomiting,true
passages_train_857,sw,mtoto wa Noor anatapika kila anachokunywa siku tatu,ds_vomits_everything;vomiting,true
passages_train_858,sw,kila anachokula anatapka,ds_vomits_everything;vomiting,true
passages_train_859,sw,tumbo linauma + kutapika mara moja wiki moja,pain;vomiting,true
passages_train_860,sw,nyumba ina maji safi,,true
passages_train_861,sw,mtoto wa Noor usingizi mzito siku 4,ds_lethargic,true
passages_train_862,mix,Usingizi mzito for 1 week,ds_lethargic,true
passages_train_863,sw,Ana degedege kwa siku moja,ds_convulsions,true
passages_train_864,en,discussed the vaccination card,,true
passages_train_865,mix,mvulana homa,fever,true
passages_train_866,en,vomiting everything / cannot drink for 1 ewek,ds_cannot_drink;ds_vomits_everything;vomiting,true
passages_train_867,sw,familia ina shamba la mahindi,,true
passages_train_868,sw,bila homa,fever,true
passages_train_869,sw,mtoto wa Noor: amechoka sana,weakness,true
passages_train_870,sw,anatapika,vomiting,true
passages_train_871,en,not coughing,cough,true
passages_train_872,sw,ana degedege wikki moja,ds_convulsions,true
passages_train_873,mix,child: diarrhea,diarrhoea,true
passages_train_874,sw,Mvulana: kifafa,ds_convulsions,true
passages_train_875,en,weak,weakness,true
passages_train_876,mix,the girl hajatapika,vomiting,true
passages_train_877,en,visited the household this morning,,true
passages_train_878,mix,mtoto wa Noor kila anachokula anatapika,ds_vomits_everything;vomiting,true
passages_train_879,sw,Amani: amekataa kunyonya,ds_cannot_drink,true
passages_train_880,sw,Usingizi mzito siku tano,ds_lethargic,true
passages_train_881,sw,anatapika kila kitu,ds_vomits_everything;vomiting,true
passages_train_882,en,vomits everything,ds_vomits_everything;vomiting,true
passages_train_883,en,the child: vomiting since yesterday,vomiting,true
passages_train_884,sw,Msichana: hawezi kuamka,ds_lethargic,true
passages_train_885,en,Child: fits / vomiting everything,ds_convulsions;ds_vomits_everything;vomiting,true
passages_train_886,mix,Hakunywa chochote,ds_cannot_drink,true
passages_train_887,mix,alert,,true
passages_train_888,sw,mvulana hawezi kunywa,ds_cannot_drink,true
passages_train_889,sw,anakohoa maumivu,cough;pain,true
passages_train_890,sw,amechoka sana tangu jana,weakness,true
passages_train_891,mix,Anatapika,vomiting,true
passages_train_892,en,discussed the vaccination card,,true
passages_train_893,en,Amani: had convulsions,ds_convulsions,true
passages_train_894,mix,diarrhoea 5 days,diarrhoea,true
passages_train_895,sw,Anaweza kunywa,,true
passages_train_896,sw,homa kali,fever,true
passages_train_897,sw,Kuhara,diarrhoea,true
passages_train_898,sw,anakohoa kwa siku moja,cough,true
passages_train_899,sw,Amani tumbo linauma + usingizi mzito,ds_lethargic;pain,true
passages_train_900,en,high fever,fever,true
passages_train_901,en,Amani coughing,cough,true
passages_train_902,sw,Mtoto wa noor ana hoa,fever,true
passages_train_903,sw,amechoka sanna,weakness,true
passages_train_904,sw,mtoto wake anaharisha,diarrhoea,true
passages_train_905,sw,Amani: usingizi mzito siku 1,ds_lethargic,true
passages_train_906,mix,aPin,pain,true
passages_train_907,sw,Mtoto: maumivu ya tumbo,pain,true
passages_train_908,sw,mvulana maumivu ya kichwa,pain,true
passages_train_909,mix,Amani stomach pin siku tano,pain,true
passages_train_910,sw,mama anauza maziwa sooni,,true
passages_train_911,en,Very weak for 1 days,weakness,true
passages_train_912,sw,mtoto amechoka sana siku 1,weakness,true
passages_train_913,en,The girl: unconscious for 1 week,ds_lethargic,true
passages_train_914,sw,Mtoto wake anatapika kila anachokunywa,ds_vomits_everything;vomiting,true
passages_train_915,sw,Mtoto anatapika kila anachokunywa,ds_vomits_everything;vomiting,true
passages_train_916,sw,mtoto wake: maumivu ya tumbo siku 3,pain,true
passages_train_917,sw,mtoto wa Noor: hawezi kuamka,ds_lethargic,true
passages_train_918,en,the child: has fever,fever,true
passages_train_919,sw,kutapika mara moa,vomiting,true
passages_train_920,mix,Bad cough,cough,true
passages_train_921,en,hot body,fever,true
passages_train_922,sw,Mvulana: choo cha maji tangu jana,diarrhoea,true
passages_train_923,mix,amechoka sana kwa siku tatu,weakness,true
passages_train_924,en,convulsions + diarrhoea,diarrhoea;ds_convulsions,true
passages_train_925,mix,ana degedege tangu juzi,ds_convulsions,true
passages_train_926,sw,Anatapika kila kiitu,ds_vomits_everything;vomiting,true
passages_train_927,sw,Amani kila anachokula anatapika tangu jana,ds_vomits_everything;vomiting,true
passages_train_928,sw,nimepita kwa nyumba ya jirani,,true
passages_train_929,sw,barabara ni mbaya baada ya mvua,,true
passages_train_930,sw,wamepanda maharagwe,,true
passages_train_931,sw,wamepanda maharagwe,,true
passages_train_932,mix,very weak,weakness,true
passages_train_933,sw,wamepanda maharagwe,,true
passages_train_934,en,very weak since yesterday,weakness,true
passages_train_935,sw,mvulana kutapika mara moja + hawezi kuamka,ds_lethargic;vomiting,true
passages_train_936,en,No pain since yesterday,pain,true
passages_train_937,en,Amani unconscious for 2 days,ds_lethargic,true
passages_train_938,mix,baby: hakohoi tangu jana,cough,true
passages_train_939,en,follow up visit planned,,true
passages_train_940,sw,Si dhaifu,weakness,true
passages_train_941,sw,dhaifu,weakness,true
passages_train_942,en,evry sleepy,ds_lethargic,true
passages_train_943,mix,Msichana: unable to breastfeed,ds_cannot_drink,true
passages_train_944,mix,Mtoto wake anakohoa,cough,true
passages_train_945,sw,ametapika,vomiting,true
passages_train_946,mix,mvulana: kuharsiha,diarrhoea,true
passages_train_947,en,mother sells milk at the market,,true
passages_train_948,mix,Kuharisha + anatapika kila anachokunywa siku tatu,diarrhoea;ds_vomits_everything;vomiting,true
passages_train_949,en,not coughing,cough,true
passages_train_950,sw,mttoo wa Noor: anatapika kila anachokunywa,ds_vomits_everything;vomiting,true
passages_train_951,sw,Msichana mnyonge tangu juzi,weakness,true
passages_train_952,en,coffee price went up,,true
passages_train_953,en,baby: couhging 3 days,cough,true
passages_train_954,sw,anahariisha tangu jana,diarrhoea,true
passages_train_955,sw,Mvulana maumivu ya tumbo tangu jana,pain,true
passages_train_956,en,pin,pain,true
passages_train_957,en,wek,weakness,true
passages_train_958,sw,Kila anachokula anatapika,ds_vomits_everything;vomiting,true
passages_train_959,sw,amelegea,ds_lethargic,true
passages_train_960,mix,Amani amelegea,ds_lethargic,true
passages_train_961,mix,Anaakohoa siku 3,cough,true
passages_train_962,mix,Amani kutapika mara moja 5 days,vomiting,true
passages_train_963,sw,Kila anachokula anatapika tangu jana,ds_vomits_everything;vomiting,true
passages_train_964,en,fever weak 2 days,fever;weakness,true
passages_train_965,sw,mama mnyonge tangu jana,weakness,true
passages_train_966,sw,Kikohozi kikali,cough,true
passages_train_967,en,not able to drink,ds_cannot_drink,true
passages_train_968,mix,homa,fever,true
passages_train_969,mix,choo cha maji anacheza vizuri,diarrhoea,true
passages_train_970,mix,mvulana vomiting for 2 dayys,vomiting,true
passages_train_971,sw,mtoto wake hana nguvu + choo cha maji siku 2,diarrhoea;weakness,true
passages_train_972,en,hot body,fever,true
passages_train_973,en,child lethargic for 2 days,ds_lethargic,true
passages_train_974,sw,mvulana mwili una joto siku nne,fever,true
passages_train_975,sw,mvulana: amelegea tangu juzi,ds_lethargic,true
passages_train_976,sw,hakunywa chochote siku tano,ds_cannot_drink,true
passages_train_977,sw,maumivu kwa siku mbili,pain,true
passages_train_978,mix,headache siku tano,pain,true
passages_train_979,en,child running stomach 1 days,diarrhoea,true
passages_train_980,mix,mtoto kila anachokula antaapika,ds_vomits_everything;vomiting,true
passages_train_981,sw,Amezimia siku nne,ds_lethargic,true
passages_train_982,sw,mtoto wake: anaendesha,diarrhoea,true
passages_train_983,sw,Mtoto si dhaifu wiki moja,weakness,true
passages_train_984,sw,nyumba ina maji safi,,true
passages_train_985,en,Diarrhoea,diarrhoea,true
passages_train_986,sw,ametapika,vomiting,true
passages_train_987,sw,Mtoto: hakuwa na degedege kwa siku mbili,,true
passages_train_988,sw,Hakuwa na degedege,,true
passages_train_989,sw,mtoto wa Noor hawezi kunyonya wiki moja,ds_cannot_drink,true
passages_train_990,sw,Amani anatapika kila anachokunywa alipata degdege tangu juzi,ds_convulsions;ds_vomits_everything;vomiting,true
passages_train_991,sw,kichwa kinauma,pain,true
passages_train_992,sw,mtoto wake amezimia tangu juzi,ds_lethargic,true
passages_train_993,en,unable to breastfeed,ds_cannot_drink,true
passages_train_994,sw,Mtoto: hana nguvu homa kali siku 3,fever;weakness,true
passages_train_995,en,the child no cough,cough,true
passages_train_996,sw,anatapika tangu jana,vomiting,true
passages_train_997,mix,diarrhea siku 5,diarrhoea,true
passages_train_998,mix,Can drink,,true
passages_train_999,en,Baby: not vomiting,vomiting,true
passages_train_1000,sw,msichana: anaendesha siku moja,diarrhoea,true
passages_train_1001,en,children are at school,,true
passages_train_1002,en,vomiting everything x3 days,ds_vomits_everything;vomiting,true
passages_train_1003,en,the girl: cannot drink,ds_cannot_drink,true
passages_train_1004,en,throwing up for 1 week,vomiting,true
passages_train_1005,sw,mvulana: mwili una joto siku 4,fever,true
passages_train_1006,sw,mama yake: ana kikohozi,cough,true
passages_train_1007,sw,Hanyonyi,ds_cannot_drink,true
passages_train_1008,sw,Ametapika siku 5,vomiting,true
passages_train_1009,sw,Amani: maumivu ya tumbo,pain,true
passages_train_1010,sw,anaugua homa kwa siku mbili,fever,true
passages_train_1011,sw,Amani hawezi kunyonya,ds_cannot_drink,true
passages_train_1012,mix,the boy tumbo linauma,pain,true
passages_train_1013,sw,anaharisha siku 3,diarrhoea,true
passages_train_1014,sw,Amani anaharisha hana homa,diarrhoea;fever,true
passages_train_1015,en,cough,cough,true
passages_train_1016,mix,Amani bad cough 5 days,cough,true
passages_train_1017,sw,anakohoa,cough,true
passages_train_1018,sw,nimepita kwa nyumba ya jirani,,true
passages_train_1019,mix,mama mwili ulikuwa unatetemeka,ds_convulsions,true
passages_train_1020,sw,mtoto dhaifu,weakness,true
passages_train_1021,mix,homa,fever,true
passages_train_1022,sw,jirani maumivu tangu juzi,pain,true
passages_train_1023,sw,Dhaifu,weakness,true
passages_train_1024,en,father vomiting everything 1 days,ds_vomits_everything;vomiting,true
passages_train_1025,en,the boy no vomiting for 2 days,vomiting,true
passages_train_1026,en,Throwing up,vomiting,true
passages_train_1027,sw,tulizungumza kuhusu kahawa,,true
passages_train_1028,sw,mtoto wake choo cha maji tangu juzi,diarrhoea,true
passages_train_1029,mix,mtoto wa Noor kikohozi kikali,cough,true
passages_train_1030,en,stomach pain,pain,true
passages_train_1031,sw,Mtoto: kutapika mara moja tangu jana,vomiting,true
passages_train_1032,sw,baba alipata degedege / kichwa kinauma tangu jana,ds_convulsions;pain,true
passages_train_1033,sw,hakohoi wiki moja,cough,true
passages_train_1034,en,baby unable to drink x4 days,ds_cannot_drink,true
passages_train_1035,mix,the girl hakunywa chochote hana nguvu,ds_cannot_drink;weakness,true
passages_train_1036,en,child diarrhoea / high fever,diarrhoea;fever,true
passages_train_1037,en,the boy: does not have fever / lethargic,ds_lethargic;fever,true
passages_train_1038,sw,Amani: anakohoa,cough,true
passages_train_1039,sw,familia ina shamba la mahiindi,,true
passages_train_1040,sw,amechoka sana,weakness,true
passages_train_1041,sw,Jirani: amechoka sana,weakness,true
passages_train_1042,en,no convulsions + does not have fever,fever,true
passages_train_1043,sw,watoto wako shuleni,,true
passages_train_1044,mix,unable to drink for 1 week,ds_cannot_drink,true
passages_train_1045,sw,mtoto wake: choo cha maji,diarrhoea,true
passages_train_1046,sw,Mtoto wake anatapika kila anachokunywa / mwili una joto,ds_vomits_everything;fever;vomiting,true
passages_train_1047,mix,the boy: pain,pain,true
passages_train_1048,en,mother sells milk at the market,,true
passages_train_1049,sw,mtoto wa Noor kutapika wiki moja,vomiting,true
passages_train_1050,sw,kifafa / kila anachokula anatapika,ds_convulsions;ds_vomits_everything;vomiting,true
passages_train_1051,sw,msichana si dhaifu,weakness,true
passages_train_1052,sw,hawezi kuamka + anatapika kila kitu,ds_lethargic;ds_vomits_everything;vomiting,true
passages_train_1053,en,Amani: high fever for 1 week,fever,true
passages_train_1054,sw,Mtoto wa noor: anakunywa vizuri + hajaharisha kwa siku moja,diarrhoea,true
passages_train_1055,en,coffee price went up,,true
passages_train_1056,sw,Amani: tumbo hailumi,pain,true
passages_train_1057,en,the child vomiting 4 days,vomiting,true
passages_train_1058,en,the child diarrhoea for 1 week,diarrhoea,true
passages_train_1059,mix,hakuwa na degedege,,true
passages_train_1060,sw,Mtoto wa noor: kuhara wiki moja,diarrhoea,true
passages_train_1061,en,the girl: no cough for 1 week,cough,true
passages_train_1062,sw,anaendesha,diarrhoea,true
passages_train_1063,sw,hakuwa na degedege siku moja,,true
passages_train_1064,sw,msichana: tumbo linauma tangu jana,pain,true
passages_train_1065,mix,had convulsions tangu jana,ds_convulsions,true
passages_train_1066,sw,hawezi kunyonya tangu jana,ds_cannot_drink,true
passages_train_1067,sw,mtoto wa Noor: hawezi kuamka / kutapika mara moja,ds_lethargic;vomiting,true
passages_train_1068,mix,Amani hana kikohozi x3 days,cough,true
passages_train_1069,mix,Not coughing x1 days,cough,true
passages_train_1070,sw,mama kila anachokula anatapika,ds_vomits_everything;vomiting,true
passages_train_1071,sw,Amani: kichwa kinauma siku mbili,pain,true
passages_train_1072,sw,dhaifu,weakness,true
passages_train_1073,mix,baby anatapika killa kitu,ds_vomits_everything;vomiting,true
passages_train_1074,sw,Maumivu ya kichwa,pain,true
passages_train_1075,en,follow up visit planned,,true
passages_train_1076,mix,Amani: alipata degeedege,ds_convulsions,true
passages_train_1077,mix,mvulana amelegea,ds_lethargic,true
passages_train_1078,mix,msichana ametapika since yesterday,vomiting,true
passages_train_1079,mix,anatapika kila anachokunywa / hajitambui,ds_lethargic;ds_vomits_everything;vomiting,true
passages_train_1080,mix,the child: hakunywa chochote,ds_cannot_drink,true
passages_train_1081,sw,hawezi kuamka siku 3,ds_lethargic,true
passages_train_1082,sw,mama anauza maziwa sokoni,,true
passages_train_1083,sw,mvulana dhaifu,weakness,true
passages_train_1084,sw,mtoto wa Noor amechoka sana siku 1,weakness,true
passages_train_1085,mix,Msichana: high fveer siku nne,fever,true
passages_train_1086,en,Diarrhea + no convulsions 2 days,diarrhoea,true
passages_train_1087,sw,anakohoa,cough,true
passages_train_1088,mix,has fever very weak tangu juzi,fever;weakness,true
passages_train_1089,mix,kuhara,diarrhoea,true
passages_train_1090,mix,Kuhara for 2 days,diarrhoea,true
passages_train_1091,sw,hakuwwa na degedege,,true
passages_train_1092,sw,familia ina shamba la mahindi,,true
passages_train_1093,sw,amechoa sana tangu juzi,weakness,true
passages_train_1094,sw,Amezzimia wiki moja,ds_lethargic,true
passages_train_1095,sw,jirani amechoka sana kwa siku moja,weakness,true
passages_train_1096,mix,mtoto wake: no diarrhoea,diarrhoea,true
passages_train_1097,sw,Amani: joto jingi mwilini,fever,true
passages_train_1098,sw,mtoto wake hajatapika,vomiting,true
passages_train_1099,sw,nimepita kwa nyumba ya jirani,,true
passages_train_1100,sw,baba: kikohozi,cough,true
passages_train_1101,en,baby had convulsions,ds_convulsions,true
passages_train_1102,mix,the chld diarrhoea wiki moja,diarrhoea,true
passages_train_1103,en,not coughing since yesterday,cough,true
passages_train_1104,sw,Degedege siku 4,ds_convulsions,true
passages_train_1105,sw,mtoto wa Noor: anaendesha,diarrhoea,true
passages_train_1106,sw,Kuhara,diarrhoea,true
passages_train_1107,sw,kila anachokula anatapika siiku 4,ds_vomits_everything;vomiting,true
passages_train_1108,sw,mtoto: maumivu siku tatu,pain,true
passages_train_1109,sw,mtoto usingizi mzito + alipata degedege,ds_convulsions;ds_lethargic,true
passages_train_1110,mix,baby: hawezi kunywa,ds_cannot_drink,true
passages_train_1111,en,the girl: vomits everything,ds_vomits_everything;vomiting,true
passages_train_1112,mix,Mvulana: pain,pain,true
passages_train_1113,en,Child: vomiting 2 days,vomiting,true
passages_train_1114,sw,anaendesha,diarrhoea,true
passages_train_1115,mix,msichana unconscious,ds_lethargic,true
passages_train_1116,sw,Amani: hatapiki,vomiting,true
passages_train_1117,sw,anatapika kila kitu,ds_vomits_everything;vomiting,true
passages_train_1118,sw,Hanyonyi,ds_cannot_drink,true
passages_train_1119,sw,leo mvua imenyesha sana,,true
passages_train_1120,sw,watoto wako shuleni,,true
passages_train_1121,sw,leo mvua imenyesha sana,,true
passages_train_1122,en,routine household visit,,true
passages_train_1123,mix,throwing up for 5 days,vomiting,true
passages_train_1124,mix,throws up everything,ds_vomits_everything;vomiting,true
passages_train_1125,sw,mtoto: amekataa kunyonya tangu jana,ds_cannot_drink,true
passages_train_1126,en,No cough,cough,true
passages_train_1127,sw,ana homa tangu juzi,fever,true
passages_train_1128,mix,Baby kila anachookula anatapika,ds_vomits_everything;vomiting,true
passages_train_1129,sw,Mtoto mnyonge kwa siku nne,weakness,true
passages_train_1130,en,the girl: diarrheoa,diarrhoea,true
passages_train_1131,mix,mschana diarrhea,diarrhoea,true
passages_train_1132,en,the girl coughing since yesterday,cough,true
passages_train_1133,sw,tutarudi wiki ijayo kwa ziara,,true
passages_train_1134,sw,Mtoto wa noor homa kali / alipata degedege,ds_convulsions;fever,true
passages_train_1135,sw,kuhara wiki moja,diarrhoea,true
passages_train_1136,sw,Amani: choo cha maji tangu juzi,diarrhoea,true
passages_train_1137,sw,kutapika mara moja,vomiting,true
passages_train_1138,sw,ykuo macho tangu juzi,,true
passages_train_1139,en,Child stomach pain 4 days,pain,true
passages_train_1140,en,discussed the vaaccination card,,true
passages_train_1141,mix,the girl: anaweza kunywa,,true
passages_train_1142,sw,Jirani: hana nguvu,weakness,true
passages_train_1143,mix,hana ngguvu kwa siku tano,weakness,true
passages_train_1144,sw,Mtoto wke ametapika,vomiting,true
passages_train_1145,sw,Msichana: hajitambui kwa siku mbili,ds_lethargic,true
passages_train_1146,sw,tulizungumza kuhusu kahawa,,true
passages_train_1147,sw,Mtoto wake: kifafa,ds_convulsions,true
passages_train_1148,en,Fever,fever,true
passages_train_1149,sw,Baba hana maumivu,pain,true
passages_train_1150,sw,yuko macho,,true
passages_train_1151,mix,Baby homa kali,fever,true
passages_train_1152,sw,anaharisha tangu jana,diarrhoea,true
passages_train_1153,en,discussed the vaccination card,,true
passages_train_1154,sw,Msichana hawezi kunyonya tangu juzi,ds_cannot_drink,true
passages_train_1155,sw,kukohoa sana tangu jana,cough,true
passages_train_1156,mix,running stomach for 1 week,diarrhoea,true
passages_train_1157,sw,Mtoto: ana degedege,ds_convulsions,true
passages_train_1158,sw,nyumba ina maji safi,,true
passages_train_1159,mix,msichana kutapika wiki moja,vomiting,true
passages_train_1160,sw,kuharisha siku nne,diarrhoea,true
passages_train_1161,sw,nyumba ina maji safi,,true
passages_train_1162,en,discussed the vaccination card,,true
passages_train_1163,mix,ana degedege,ds_convulsions,true
passages_train_1164,en,diarrhea,diarrhoea,true
passages_train_1165,sw,mtoto: kikohozi siku tano,cough,true
passages_train_1166,sw,tutarudi wiki ijayo kwa ziara,,true
passages_train_1167,en,Amani vomiting everything,ds_vomits_everything;vomiting,true
passages_train_1168,sw,mvulana: anatapika kila kitu tangu juzi,ds_vomits_everything;vomiting,true
passages_train_1169,sw,mama: hajatapika siku mbili,vomiting,true
passages_train_1170,sw,Amani: degedege,ds_convulsions,true
passages_train_1171,mix,headache kwa siku nne,pain,true
passages_train_1172,sw,mtoto wake anatapika kila anachokunywa / haharishi,diarrhoea;ds_vomits_everything;vomiting,true
passages_train_1173,en,breastfeeding well snce yesterday,,true
passages_train_1174,sw,mtoto: amelegea,ds_lethargic,true
passages_train_1175,en,The girl: running stomach for 1 week,diarrhoea,true
passages_train_1176,en,abdominal pain for 2 days,pain,true
passages_train_1177,sw,mtoto kila anachokula anatapika,ds_vomits_everything;vomiting,true
passages_train_1178,en,the child very sleepy for 1 week,ds_lethargic,true
passages_train_1179,mix,hakuna homa,fever,true
passages_train_1180,sw,mtoto wake kifafa,ds_convulsions,true
passages_train_1181,mix,msichana running stomach,diarrhoea,true
passages_train_1182,sw,dhaifu siku tano,weakness,true
passages_train_1183,mix,Degedege,ds_convulsions,true
passages_train_1184,sw,homa kwa siku mbili,fever,true
passages_train_1185,sw,leo mvua imenyesha sana,,true
passages_train_1186,sw,Amechoka saana,weakness,true
passages_train_1187,en,Abdominal pain since yesterday,pain,true
passages_train_1188,sw,kikohozi kikali siu tatu,cough,true
passages_train_1189,en,not vomiting 3 days,vomiting,true
passages_train_1190,en,hard to wake,ds_lethargic,true
passages_train_1191,sw,Anacheza vizuri,,true
passages_train_1192,en,The girl: vomiting everything,ds_vomits_everything;vomiting,true
passages_train_1193,en,diarrhoea,diarrhoea,true
passages_train_1194,mix,baby fits wiki moja,ds_convulsions,true
passages_train_1195,sw,mtoto homa kali tangu juzi,fever,true
passages_train_1196,sw,Amani: anakohoa siku taatu,cough,true
passages_train_1197,sw,tutarudi wiki ijayo kwa ziara,,true
passages_train_1198,mix,Chhild anatapika kila kitu,ds_vomits_everything;vomiting,true
passages_train_1199,sw,ana kikohozi,cough,true
passages_train_1200,mix,hana kuhara + si dhaifu,diarrhoea;weakness,true
passages_train_1201,mix,hana kuhara,diarrhoea,true
passages_train_1202,sw,Msichana anaharisha siku tatu,diarrhoea,true
passages_train_1203,en,the girl throws up everything,ds_vomits_everything;vomiting,true
passages_train_1204,mix,very weak since yesterday,weakness,true
passages_train_1205,mix,mtoto diarrhoea,diarrhoea,true
passages_train_1206,sw,Anaharisha tangu jana,diarrhoea,true
passages_train_1207,sw,Mvulana anakohoa,cough,true
passages_train_1208,en,neighbour: pain since yesterday,pain,true
passages_train_1209,sw,baba hakunywa chochote tangu juzi,ds_cannot_drink,true
passages_train_1210,en,The girl headache,pain,true
passages_train_1211,en,vomits everything,ds_vomits_everything;vomiting,true
passages_train_1212,sw,homa kali,fever,true
passages_train_1213,sw,familia ina shamba la mahindi,,true
passages_train_1214,mix,haharishi since yesterday,diarrhoea,true
passages_train_1215,sw,Amani ana homa siku 4,fever,true
passages_train_1216,sw,Alipata degedege,ds_convulsions,true
passages_train_1217,sw,Anatapika kila kitu tangu jana,ds_vomits_everything;vomiting,true
passages_train_1218,en,unable to drink,ds_cannot_drink,true
passages_train_1219,sw,kutapika mara moja siku 3,vomiting,true
passages_train_1220,sw,familia ina shhamba la mahindi,,true
passages_train_1221,en,No diarrhoea,diarrhoea,true
passages_train_1222,mix,anacheza vizuri + tumbo linauma tangu jana,pain,true
passages_train_1223,sw,mtoto: kutapika + si dhaifu,vomiting;weakness,true
passages_train_1224,sw,mtoto wake: hana nguvu + tmubo linauma,pain;weakness,true
passages_train_1225,mix,baby hawezi kuamka x2 days,ds_lethargic,true
passages_train_1226,sw,nyumba ina maji safi,,true
passages_train_1227,en,family gows coffee and maize,,true
passages_train_1228,sw,Amani kila anachokula anatapika + si dhaifu,ds_vomits_everything;vomiting;weakness,true
passages_train_1229,en,child: diarrhea headache,diarrhoea;pain,true
passages_train_1230,mix,hawezi kuamka siku 5,ds_lethargic,true
passages_train_1231,en,baby stomach pain for 5 days,pain,true
passages_train_1232,en,Amani stomach pain cough for 1 week,cough;pain,true
passages_train_1233,sw,mvulana: choo cha maji / anatapika kila kitu tangu juzi,diarrhoea;ds_vomits_everything;vomiting,true
passages_train_1234,sw,ametapika,vomiting,true
passages_train_1235,mix,the child: kikohozi siku 2,cough,true
passages_train_1236,sw,hakuwa na degedege,,true
passages_train_1237,sw,si dhaifu / maumivu ya kichwa wiki moja,pain;weakness,true
passages_train_1238,sw,watoto wako shuleni,,true
passages_train_1239,sw,mtoto wa Noor tumbo haliumi,pain,true
passages_train_1240,mix,Bad cough,cough,true
passages_train_1241,sw,homa tnagu jana,fever,true
passages_train_1242,mix,hard to wake since yesterday,ds_lethargic,true
passages_train_1243,sw,tutarudi wiki ijayo kwa ziara,,true
passages_train_1244,en,no vomiting since yesterday,vomiting,true
passages_train_1245,mix,ana kikohozi since yesterday,cough,true
passages_train_1246,en,does not have fever for 1 week,fever,true
passages_train_1247,mix,the child hajatapika,vomiting,true
passages_train_1248,mix,choo cha maji,diarrhoea,true
passages_train_1249,mix,the girl hot body kwa siku moja,fever,true
passages_train_1250,mix,very weak,weakness,true
passages_train_1251,sw,Kila anachokula anatapika,ds_vomits_everything;vomiting,true
passages_train_1252,sw,nimepita kwa nyumba ya jirani,,true
passages_train_1253,mix,hanyonyi kwa siku nne,ds_cannot_drink,true
passages_train_1254,sw,Hawezi kunywa,ds_cannot_drink,true
passages_train_1255,sw,Ametapika / ana kikohozi kwa siku tatu,cough;vomiting,true
passages_train_1256,sw,hanyonyi,ds_cannot_drink,true
passages_train_1257,mix,kifafa,ds_convulsions,true
passages_train_1258,sw,mtoto wake: ana degedege / anatapika kila kitu,ds_convulsions;ds_vomits_everything;vomiting,true
passages_train_1259,en,Diarrhoea,diarrhoea,true
passages_train_1260,en,Not able to drink,ds_cannot_drink,true
passages_train_1261,mix,jirani: no cough,cough,true
passages_train_1262,sw,homa tangu juzi,fever,true
passages_train_1263,en,the mother diarrhea for 1 week,diarrhoea,true
passages_train_1264,sw,Amani anaweza kunywa,,true
passages_train_1265,sw,mtoto wake: anatapika kila kitu,ds_vomits_everything;vomiting,true
passages_train_1266,sw,hakuwa na degedege siku tatu,,true
passages_train_1267,sw,Mtoto wake: hakunywa chochote tangu jana,ds_cannot_drink,true
passages_train_1268,sw,mtoto wke tumbo linauma wiki moja,pain,true
passages_train_1269,mix,vomited,vomiting,true
passages_train_1270,en,hcild: coughing,cough,true
passages_train_1271,sw,Mama: degedege tangu juzi,ds_convulsions,true
passages_train_1272,en,Amani: pain,pain,true
passages_train_1273,en,hard to wake,ds_lethargic,true
passages_train_1274,en,The girl: cannot drink 3 days,ds_cannot_drink,true
passages_train_1275,mix,alert kwa siku tano,,true
passages_train_1276,sw,mama: usingizi mzito siku 1,ds_lethargic,true
passages_train_1277,sw,Msichana hawezi kunyonya + kuharisha,diarrhoea;ds_cannot_drink,true
passages_train_1278,sw,Mtoto wake anatapika kila anachokunywa,ds_vomits_everything;vomiting,true
passages_train_1279,mix,the mother: not coughing since yesterday,cough,true
passages_train_1280,mix,throws up everything + yuko macho,ds_vomits_everything;vomiting,true
passages_train_1281,sw,Amani: dhaifu siku tatu,weakness,true
passages_train_1282,sw,Dhaifu hakunywa chochote siku tano,ds_cannot_drink;weakness,true
passages_train_1283,en,Amani convulsions,ds_convulsions,true
passages_train_1284,sw,Haawezi kunyonya,ds_cannot_drink,true
passages_train_1285,sw,Ameezimia,ds_lethargic,true
passages_train_1286,sw,Hanyoyi,ds_cannot_drink,true
passages_train_1287,sw,mtoto wake: hana nguvu wiki moja,weakness,true
passages_train_1288,sw,mwili ulikuwa unatetemeka,ds_convulsions,true
passages_train_1289,mix,msichaana si dhaifu x1 days,weakness,true
passages_train_1290,sw,kuhara + kila anachokula anatapika,diarrhoea;ds_vomits_everything;vomiting,true
passages_train_1291,sw,tutarudi wiki ijayo kwa ziara,,true
passages_train_1292,en,the girl convulsions,ds_convulsions,true
passages_train_1293,sw,maumivu ya tumbo,pain,true
passages_train_1294,sw,Mwili una joto tangu jana,fever,true
passages_train_1295,sw,msichana hawezi kuamka haharishi siku tano,diarrhoea;ds_lethargic,true
passages_train_1296,en,Amani: vomits everything since yesterday,ds_vomits_everything;vomiting,true
passages_train_1297,sw,Ana degedege,ds_convulsions,true
passages_train_1298,en,Amani: no convulsions,,true
passages_train_1299,en,fits + alert 1 days,ds_convulsions,true
passages_train_1300,sw,Amani mwili una joto,fever,true
passages_train_1301,sw,joto jingi mwilini wiki moja,fever,true
passages_train_1302,mix,no cough for 2 days,cough,true
passages_train_1303,mix,diarrhea + alipata degedege kwa siku taano,diarrhoea;ds_convulsions,true
passages_train_1304,sw,amezimia tangu jana,ds_lethargic,true
passages_train_1305,sw,Mtoto wa noor hajitambui,ds_lethargic,true
passages_train_1306,en,vomits everything,ds_vomits_everything;vomiting,true
passages_train_1307,sw,Mvulana mnyonge tangu jana,weakness,true
passages_train_1308,sw,Maumivu ya kichwa,pain,true
passages_train_1309,en,vomited,vomiting,true
passages_train_1310,mix,the girl kila anachokula anatapika,ds_vomits_everything;vomiting,true
passages_train_1311,mix,Hanyonyi tangu jaana,ds_cannot_drink,true
passages_train_1312,sw,Amani maumivu tangu jana,pain,true
passages_train_1313,sw,amezimia wiki moja,ds_lethargic,true
passages_train_1314,sw,maumivu ya kichwa,pain,true
passages_train_1315,sw,degedege,ds_convulsions,true
passages_train_1316,sw,anatapika kila anachokunywa wiki moja,ds_vomits_everything;vomiting,true
passages_train_1317,sw,maumivu ya kichwa,pain,true
passages_train_1318,en,child: vomiting everything,ds_vomits_everything;vomiting,true
passages_train_1319,en,The boy abdominal pain,pain,true
passages_train_1320,en,Neighbour: no pain,pain,true
passages_train_1321,en,the child: hard to wake,ds_lethargic,true
passages_train_1322,en,Can drink for 4 daays,,true
passages_train_1323,sw,jirani tumbo linauma wiki moja,pain,true
passages_train_1324,sw,msichana anacheza vizuri,,true
passages_train_1325,mix,Child: cough,cough,true
passages_train_1326,en,had convulsions for 2 days,ds_convulsions,true
passages_train_1327,mix,Amani: amechoka sana,weakness,true
passages_train_1328,en,Amani: fever x5 days,fever,true
passages_train_1329,sw,Mama yake alipata degedege tangu juzi,ds_convulsions,true
passages_train_1330,mix,child unable to drink,ds_cannot_drink,true
passages_train_1331,sw,kila anachokula anatapika homa,ds_vomits_everything;fever;vomiting,true
passages_train_1332,en,the child no diarrhea x4 days,diarrhoea,true
passages_train_1333,en,neighbour vomiting,vomiting,true
passages_train_1334,en,Bad cough for 3 days,cough,true
passages_train_1335,sw,Amani: anaugua homa siku tatu,fever,true
passages_train_1336,en,throws up everything,ds_vomits_everything;vomiting,true
passages_train_1337,mix,vomiited hot body for 1 week,fever;vomiting,true
passages_train_1338,en,Not coughing breastfeeding well 1 days,cough,true
passages_train_1339,sw,tutarudi wiki ijayo kwa ziara,,true
passages_train_1340,sw,mtoto wa Noor amelegea siku 3,ds_lethargic,true
passages_train_1341,mix,maumivu ya tumo,pain,true
passages_train_1342,sw,anatapika tangu jana,vomiting,true
passages_train_1343,en,children are at school,,true
passages_train_1344,sw,mama: hana homa / anaendesha,diarrhoea;fever,true
passages_train_1345,mix,no fits,,true
passages_train_1346,sw,degedege,ds_convulsions,true
passages_train_1347,mix,headache,pain,true
passages_train_1348,mix,Msichana diarrhea,diarrhoea,true
passages_train_1349,sw,Mtoto wa noor degedege / tumbo linauma,ds_convulsions;pain,true
passages_train_1350,mix,Mtoto wake homa for 1 days,fever,true
passages_train_1351,sw,Tumbo haliumi / hawezi kunyonya,ds_cannot_drink;pain,true
passages_train_1352,mix,Vomiting everything,ds_vomits_everything;vomiting,true
passages_train_1353,mix,mtoto wa Noor mwili una joto x5 days,fever,true
passages_train_1354,en,not coughing since yesterday,cough,true
passages_train_1355,en,pain 3 days,pain,true
passages_train_1356,sw,barabara ni mbaya baada ya mvua,,true
passages_train_1357,sw,mtoto wa Noor: anatapika kila kitu ametapika,ds_vomits_everything;vomiting,true
passages_train_1358,en,throws up everything since yesterday,ds_vomits_everything;vomiting,true
passages_train_1359,sw,leo mvua imenyesha sana,,true
passages_train_1360,sw,hana nguvu,weakness,true
passages_train_1361,sw,kuharisha,diarrhoea,true
passages_train_1362,en,fits for 1 week,ds_convulsions,true
passages_train_1363,en,baby weak x2 days,weakness,true
passages_train_1364,mix,vomiting siku 1,vomiting,true
passages_train_1365,en,abbdominal pain,pain,true
passages_train_1366,mix,Kila anahokula anatapika,ds_vomits_everything;vomiting,true
passages_train_1367,sw,hwezi kunywa,ds_cannot_drink,true
passages_train_1368,sw,Mvulana hakuwa na degedege,,true
passages_train_1369,sw,Amani: kifafa,ds_convulsions,true
passages_train_1370,sw,wamepanda maharagwe,,true
passages_train_1371,en,Playing normally,,true
passages_train_1372,sw,Mtoto wake: kila anachokula anatapika tangu juzi,ds_vomits_everything;vomiting,true
passages_train_1373,sw,nyumba ina maji safi,,true
passages_train_1374,sw,mtoto: dhaifu hajitambui wiki moja,ds_lethargic;weakness,true
passages_train_1375,sw,msichana: kuharisha siku 4,diarrhoea,true
passages_train_1376,sw,kifafa,ds_convulsions,true
passages_train_1377,mix,kichwa kinauma siku 1,pain,true
passages_train_1378,mix,the mother: vomiting everything + alipata degedege,ds_convulsions;ds_vomits_everything;vomiting,true
passages_train_1379,sw,msichana amezimia tangu jana,ds_lethargic,true
passages_train_1380,sw,Amani maumivu + kutapika mara moja tangu juzi,pain;vomiting,true
passages_train_1381,sw,ana kikohozi siku 4,cough,true
passages_train_1382,sw,familia ina shamba la mahindi,,true
passages_train_1383,sw,mtooto wa Noor: homa,fever,true
passages_train_1384,sw,mtoto wa Noor: ana homa tangu juzi,fever,true
passages_train_1385,en,Amani: lethargic,ds_lethargic,true
passages_train_1386,sw,mvulana amechoka sana tangu juzi,weakness,true
passages_train_1387,mix,Throws up everything since yesterday,ds_vomits_everything;vomiting,true
passages_train_1388,sw,msichana hakohoi,cough,true
passages_train_1389,sw,Hawezi kuamkka,ds_lethargic,true
passages_train_1390,en,very weak,weakness,true
passages_train_1391,sw,mtoto wa Noor: hana kikohozi / dhaifu tangu juzi,cough;weakness,true
passages_train_1392,sw,Mtoto annatapika kila anachokunywa,ds_vomits_everything;vomiting,true
passages_train_1393,en,no cough 3 days,cough,true
passages_train_1394,en,hot body,fever,true
passages_train_1395,en,baby: running stomach,diarrhoea,true
passages_train_1396,sw,anaugua homa,fever,true
passages_train_1397,en,Waek,weakness,true
passages_train_1398,sw,msichana anatapika killa kitu tangu juzi,ds_vomits_everything;vomiting,true
passages_train_1399,sw,tulizungumza kuhusu kahawa,,true
passages_train_1400,sw,Hanyoni,ds_cannot_drink,true
passages_train_1401,sw,tumbo linauma anatapika wiki moja,pain;vomiting,true
passages_train_1402,sw,Anatapika kila kitu,ds_vomits_everything;vomiting,true
passages_train_1403,sw,barabara ni mbaya baada ya muva,,true
passages_train_1404,en,the boy: hard to waake since yesterday,ds_lethargic,true
passages_train_1405,sw,anaguua homa siku 4,fever,true
passages_train_1406,sw,anatapika kila anachokunywa tangu jana,ds_vomits_everything;vomiting,true
passages_train_1407,mix,The boy kuharisha hot body siku tatu,diarrhoea;fever,true
passages_train_1408,sw,bila homa,fever,true
passages_train_1409,mix,Amani hawezi kunyonya siku mbili,ds_cannot_drink,true
passages_train_1410,sw,msichana: ametapika siku moja,vomiting,true
passages_train_1411,mix,the chlid running stomach for 1 week,diarrhoea,true
passages_train_1412,sw,watoto wako shuleni,,true
passages_train_1413,mix,Amani: ana kikohozi 1 days,cough,true
passages_train_1414,sw,mvulana: anaweza kunywa tangu jana,,true
passages_train_1415,mix,stomach pain 4 days,pain,true
passages_train_1416,sw,Jirani anatapika kila anachokunywa tangu juzi,ds_vomits_everything;vomiting,true
passages_train_1417,en,vomiting everything,ds_vomits_everything;vomiting,true
passages_train_1418,sw,hana nguvu siku 2,weakness,true
passages_train_1419,en,Not weak 4 days,weakness,true
passages_train_1420,en,the girl: coughing,cough,true
passages_train_1421,mix,very weak,weakness,true
passages_train_1422,sw,kila aanchokula anatapika tangu jana,ds_vomits_everything;vomiting,true
passages_train_1423,mix,the child: cannot drink,ds_cannot_drink,true
passages_train_1424,sw,msichana amekataa kunyonya,ds_cannot_drink,true
passages_train_1425,mix,not coughing + throws up everything,cough;ds_vomits_everything;vomiting,true
passages_train_1426,mix,kikohozi kikali tangu jana,cough,true
passages_train_1427,sw,hawezi kuamka + anaatapika kila kitu,ds_lethargic;ds_vomits_everything;vomiting,true
passages_train_1428,mix,Haharishi,diarrhoea,true
passages_train_1429,sw,msichana hana nguvu,weakness,true
passages_train_1430,mix,Mvulana: maumivu ya kichwa,pain,true
passages_train_1431,sw,Amani: amezimia tangu juzi,ds_lethargic,true
passages_train_1432,sw,mnyonge kwa siku mbili,weakness,true
passages_train_1433,sw,baba joto jingi mwilini,fever,true
passages_train_1434,en,Convulsions + pain 4 days,ds_convulsions;pain,true
passages_train_1435,mix,no fits siku tanno,,true
passages_train_1436,mix,Bad cough siku 5,cough,true
passages_train_1437,mix,Mtoto wake: convulsions for 1 week,ds_convulsions,true
passages_train_1438,mix,the child anaendesha,diarrhoea,true
passages_train_1439,sw,mtoto wake: amezimia,ds_lethargic,true
passages_train_1440,sw,ananyonya vizuri kwa siku tatu,,true
passages_train_1441,sw,hajatapika,vomiting,true
passages_train_1442,sw,mtoto wa Noor: tumbo linauma,pain,true
passages_train_1443,en,routine household visit,,true
passages_train_1444,sw,Mwili ulikuwa unatetemeka,ds_convulsions,true
passages_train_1445,sw,Amani: maumivu ya kihwa,pain,true
passages_train_1446,sw,Mtoto wake: ana degedege wiki moja,ds_convulsions,true
passages_train_1447,mix,cannot drink since yesterday,ds_cannot_drink,true
passages_train_1448,en,The boy pain,pain,true
passages_train_1449,sw,barabara ni mbaya baada ya mvua,,true
passages_train_1450,en,had convulsions x5 days,ds_convulsions,true
passages_train_1451,sw,tulizungumza kuhusu kahawa,,true
passages_train_1452,mix,diarrhea,diarrhoea,true
passages_train_1453,mix,fits tangu jzi,ds_convulsions,true
passages_train_1454,en,coughing,cough,true
passages_train_1455,en,baby vomited for 4 days,vomiting,true
passages_train_1456,en,high fever very sleepy,ds_lethargic;fever,true
passages_train_1457,sw,msichana klia anachokula anatapika,ds_vomits_everything;vomiting,true
passages_train_1458,en,grandmother: vomits everything,ds_vomits_everything;vomiting,true
passages_train_1459,mix,Hawezi kunyonya for 1 days,ds_cannot_drink,true
passages_train_1460,sw,mtotoo: anakohoa,cough,true
passages_train_1461,sw,mtoto: ametapika kwa siku nne,vomiting,true
passages_train_1462,sw,msichana: kutapika / hakunywa chochote,ds_cannot_drink;vomiting,true
passages_train_1463,sw,mtoto wake hanyonyi,ds_cannot_drink,true
passages_train_1464,en,unconsious,ds_lethargic,true
passages_train_1465,sw,Mwili una joto + alipata degedege,ds_convulsions;fever,true
passages_train_1466,sw,Mvulana ana degedege wiki moja,ds_convulsions,true
passages_train_1467,sw,hawwezi kunywa,ds_cannot_drink,true
passages_train_1468,sw,mtoto wake: anatapika kila kitu siku 5,ds_vomits_everything;vomiting,true
passages_train_1469,mix,Amani: high fever,fever,true
passages_train_1470,en,not ocughing x2 days,cough,true
passages_train_1471,en,child pain,pain,true
passages_train_1472,en,pain,pain,true
passages_train_1473,sw,hawezi kuamka wiki moja,ds_lethargic,true
passages_train_1474,sw,msichana maumivu siku 5,pain,true
passages_train_1475,sw,barabara ni mbaya baada ya mvua,,true
passages_train_1476,mix,the girl: mwili ulikuwa unatetemeka / amekataa kunyonya,ds_cannot_drink;ds_convulsions,true
passages_train_1477,en,The girl very weak,weakness,true
passages_train_1478,en,Vomiing everything + fits,ds_convulsions;ds_vomits_everything;vomiting,true
passages_train_1479,en,the girl: abdominal pain,pain,true
passages_train_1480,sw,Mwili una joo,fever,true
passages_train_1481,sw,Hakohoi tangu jana,cough,true
passages_train_1482,sw,Ana degedege tangu juzi,ds_convulsions,true
passages_train_1483,sw,kikohozi tangu jana,cough,true
passages_train_1484,sw,Kikohozi,cough,true
passages_train_1485,sw,Mvulana: anacheza vizuri siku 4,,true
passages_train_1486,en,Unable to breastfeed for 1 week,ds_cannot_drink,true
passages_train_1487,sw,Tumbo haliumi,pain,true
passages_train_1488,mix,The cihld: amezimia,ds_lethargic,true
passages_train_1489,sw,mtoto wa Noor hakunywa chochote kwa siku mbili,ds_cannot_drink,true
passages_train_1490,mix,Msichana kukohoa sana,cough,true
passages_train_1491,sw,mtoto wa Noor: joto jingi mwilni,fever,true
passages_train_1492,sw,anaendesha + hawezi kunywa wiki moja,diarrhoea;ds_cannot_drink,true
passages_train_1493,sw,Ametapika,vomiting,true
passages_train_1494,sw,mvulana: ana degedege sikku moja,ds_convulsions,true
passages_train_1495,sw,Amani: ana homa siku 1,fever,true
passages_train_1496,sw,bila homa,fever,true
passages_train_1497,en,child very sleepy 1 days,ds_lethargic,true
passages_train_1498,sw,mtto wake: anatapika,vomiting,true
passages_train_1499,mix,baba: convulsions,ds_convulsions,true
passages_train_1500,mix,grandmother: diarrhoea,diarrhoea,true
passages_train_1501,mix,the girl vomits everything,ds_vomits_everything;vomiting,true
passages_train_1502,sw,Amani anatapika kila kitu,ds_vomits_everything;vomiting,true
passages_train_1503,sw,nyumba ina maji safi,,true
passages_train_1504,sw,tulizungumza kuhusu kahawa,,true
passages_train_1505,sw,dhaifu,weakness,true
passages_train_1506,mix,grandmother: anatapika kila kitu since yesterday,ds_vomits_everything;vomiting,true
passages_train_1507,mix,kifafa,ds_convulsions,true
passages_train_1508,mix,Hot body 4 days,fever,true
passages_train_1509,sw,nyumba ina maji safi,,true
passages_train_1510,en,The boy: unconscious since yesterday,ds_lethargic,true
passages_train_1511,mix,abdominal pain + no diarrhoea,diarrhoea;pain,true
passages_train_1512,sw,Ana kikohozi,cough,true
passages_train_1513,sw,amelegea kwa siku mibli,ds_lethargic,true
passages_train_1514,mix,mvulana: vomiting everything for 1 week,ds_vomits_everything;vomiting,true
passages_train_1515,mix,The boy: not able to drink,ds_cannot_drink,true
passages_train_1516,mix,neighbour: si dhaifu,weakness,true
passages_train_1517,en,folllow up visit planned,,true
passages_train_1518,en,unable to drink high fever,ds_cannot_drink;fever,true
passages_train_1519,sw,dhaifu,weakness,true
passages_train_1520,mix,throwing up for 5 days,vomiting,true
passages_train_1521,sw,leo mvua imenyesha sana,,true
passages_train_1522,mix,Msichana: alipata degedege 1 days,ds_convulsions,true
passages_train_1523,sw,anatapika kila kitu siku tatu,ds_vomits_everything;vomiting,true
passages_train_1524,en,throwing up,vomiting,true
passages_train_1525,mix,child: ana kikohozi wiki moja,cough,true
passages_train_1526,sw,mama anauza maziwa sokoni,,true
passages_train_1527,mix,mtoto mnyonge + convulsions x2 days,ds_convulsions;weakness,true
passages_train_1528,mix,the girrl running stomach,diarrhoea,true
passages_train_1529,sw,hakohoi siku 3,cough,true
passages_train_1530,en,stomach pain since yesterday,pain,true
passages_train_1531,en,the girl: pain 4 days,pain,true
passages_train_1532,sw,Amani si dhaifu wiki moja,weakness,true
passages_train_1533,en,no fever,fever,true
passages_train_1534,sw,homa kali,fever,true
passages_train_1535,mix,msichana very weak + breastfeeding well,weakness,true
passages_train_1536,sw,homa kali,fever,true
passages_train_1537,sw,hana kikohozi,cough,true
passages_train_1538,mix,Si dhaifu,weakness,true
passages_train_1539,sw,nimepita kwa nyumba ya jirani,,true
passages_train_1540,sw,msichana: anakunywa vizuri / dhaifu siku mbili,weakness,true
passages_train_1541,sw,mtoto wa Nooor: kutapika mara moja,vomiting,true
passages_train_1542,sw,mvulana: dhaifu siku 5,weakness,true
passages_train_1543,sw,alipata degedeege siku 5,ds_convulsions,true
passages_train_1544,mix,Amani ana degedege,ds_convulsions,true
passages_train_1545,en,the child: headache x1 days,pain,true
passages_train_1546,sw,mtoto: anuagua homa,fever,true
passages_train_1547,mix,unconscious,ds_lethargic,true
passages_train_1548,en,Throwing up,vomiting,true
passages_train_1549,sw,mtoto wa Noor amechoka sana,weakness,true
passages_train_1550,sw,mamma yake: kikohozi tangu jana,cough,true
passages_train_1551,sw,Anatpika kila kitu,ds_vomits_everything;vomiting,true
passages_train_1552,sw,tulizungumza kuhusu kahawa,,true
passages_train_1553,sw,msichana ananyonya vizuri,,true
passages_train_1554,sw,msichana: hana kuhara wiki moja,diarrhoea,true
passages_train_1555,sw,hana homa wiki moja,fever,true
passages_train_1556,en,Throws up everything 2 days,ds_vomits_everything;vomiting,true
passages_train_1557,mix,msichana anaweza kunywa,,true
passages_train_1558,sw,Hajatapika kwa sikku nne,vomiting,true
passages_train_1559,sw,mtoto wa Noor hana maumivu,pain,true
passages_train_1560,sw,Mvulana: kutapika mara moja / maumivu siku moja,pain;vomiting,true
passages_train_1561,sw,ana deggedege,ds_convulsions,true
passages_train_1562,sw,anatapika,vomiting,true
passages_train_1563,en,The boy headache since yesterday,pain,true
passages_train_1564,en,Amani unconscious,ds_lethargic,true
passages_train_1565,sw,Mtoto wa noor kutapika siku 1,vomiting,true
passages_train_1566,en,the child: abdominal pain since yesterday,pain,true
passages_train_1567,sw,tulizungumza kuhusu kahawa,,true
passages_train_1568,en,dinking well,,true
passages_train_1569,mix,bibi: vomiting everything siku tano,ds_vomits_everything;vomiting,true
passages_train_1570,mix,choo cha maji,diarrhoea,true
passages_train_1571,en,grandmother weak,weakness,true
passages_train_1572,sw,tulizungumza kuhusu kahawa,,true
passages_train_1573,en,Very weak since yesterday,weakness,true
passages_train_1574,sw,kikohozi kwa siku mbili,cough,true
passages_train_1575,sw,maumivu ya kichwa,pain,true
passages_train_1576,en,throwing up for 2 days,vomiting,true
passages_train_1577,mix,mtoto wake bad cough,cough,true
passages_train_1578,en,very weak since yesterday,weakness,true
passages_train_1579,en,the child: not able to drink,ds_cannot_drink,true
passages_train_1580,mix,child: kukohoa sana,cough,true
passages_train_1581,sw,Mvulana si dhaifu,weakness,true
passages_train_1582,en,the girl not coughing 5 days,cough,true
passages_train_1583,sw,mtoto wake amechoka sana kikohozi tangu juzi,cough;weakness,true
passages_train_1584,sw,leo mvua imenyesha sana,,true
passages_train_1585,sw,Amani anatapika + maumivu ya kichwa siku 1,pain;vomiting,true
passages_train_1586,en,Convlusions,ds_convulsions,true
passages_train_1587,sw,Msichana: kutapika / mwili una jto siku tatu,fever;vomiting,true
passages_train_1588,mix,Unable to breastfeed,ds_cannot_drink,true
passages_train_1589,mix,child: usingizi mzito + throwing up,ds_lethargic;vomiting,true
passages_train_1590,sw,ana kikohozi,cough,true
passages_train_1591,sw,mvulana: hawezi kunywa tangu jana,ds_cannot_drink,true
passages_train_1592,sw,Kikohozi,cough,true
passages_train_1593,sw,Si dhaifu tangu juzi,weakness,true
passages_train_1594,sw,mvulana: hatapiki,vomiting,true
passages_train_1595,sw,Mtoto: hakuwa na degedege kwa siku tatu,,true
passages_train_1596,mix,hatapiki for 4 days,vomiting,true
passages_train_1597,en,the child bad cough,cough,true
passages_train_1598,sw,Anaharisha tangu jana,diarrhoea,true
passages_train_1599,en,The girl diarrhoa,diarrhoea,true
passages_train_1600,sw,hakunywa chochote,ds_cannot_drink,true
passages_train_1601,sw,tumbo linamua kwa siku moja,pain,true
passages_train_1602,sw,tumbo linauma kwa siku mbili,pain,true
passages_train_1603,en,idarrhea,diarrhoea,true
passages_train_1604,sw,mtoto kuharisha + anakohoa tangu juuzi,cough;diarrhoea,true
passages_train_1605,en,vomited pain,pain;vomiting,true
passages_train_1606,sw,mama anauza maziwa sokoni,,true
passages_train_1607,sw,bila homa wiki moja,fever,true
passages_train_1608,sw,mtoto wa Noor: kutapika / choo cha maji tangu juzi,diarrhoea;vomiting,true
passages_train_1609,mix,Anakohoa,cough,true
passages_train_1610,en,hard to waake,ds_lethargic,true
passages_train_1611,mix,Anaeendesha,diarrhoea,true
passages_train_1612,mix,stomach pain tangu jana,pain,true
passages_train_1613,mix,mtoto wake has fever,fever,true
passages_train_1614,sw,mtoto wake hajaharisha,diarrhoea,true
passages_train_1615,mix,choo cha maji,diarrhoea,true
passages_train_1616,sw,haharishi siku moja,diarrhoea,true
passages_train_1617,mix,amekataa kunyonya,ds_cannot_drink,true
passages_train_1618,mix,Kutapika,vomiting,true
passages_train_1619,en,Abdominal pain + diarrhoea since yesterday,diarrhoea;pain,true
passages_train_1620,mix,mvulana amelegea for 3 days,ds_lethargic,true
passages_train_1621,en,Denies pain 2 days,pain,true
passages_train_1622,sw,mtoto wake: hakuwa na degedege tangu jana,,true
passages_train_1623,mix,mtoto wake anakohoa + no convulsions,cough,true
passages_train_1624,sw,dhaifu,weakness,true
passages_train_1625,mix,mvulana hawezi kunyonya,ds_cannot_drink,true
passages_train_1626,sw,anaendesha,diarrhoea,true
passages_train_1627,sw,Amani: kila anachokula anatapika tangu juzi,ds_vomits_everything;vomiting,true
passages_train_1628,sw,hana homa,fever,true
passages_train_1629,en,child no vomiting,vomiting,true
passages_train_1630,sw,Mtoto wa noor: mwili ulikuwa unatetemeka / usingizi mzito,ds_convulsions;ds_lethargic,true
passages_train_1631,sw,Amani anatapika kila kitu,ds_vomits_everything;vomiting,true
passages_train_1632,sw,mtoto wake: hakuna homa,fever,true
passages_train_1633,sw,hatapiki siku 3,vomiting,true
passages_train_1634,mix,baba hana kuhara,diarrhoea,true
passages_train_1635,mix,vomited,vomiting,true
passages_train_1636,sw,Mtoto: amelegea kikohozi tangu jana,cough;ds_lethargic,true
passages_train_1637,sw,mtoto wa Noor hawezi kunyonya wiki moja,ds_cannot_drink,true
passages_train_1638,en,Convulsions 2 days,ds_convulsions,true
passages_train_1639,sw,wameppanda maharagwe,,true
passages_train_1640,sw,Amani amechoka sana wiki moja,weakness,true
passages_train_1641,en,The boy no cough since yesterday,cough,true
passages_train_1642,en,Cough,cough,true
passages_train_1643,sw,Mama: maumivu ya kichwa,pain,true
passages_train_1644,sw,ametapia,vomiting,true
passages_train_1645,sw,amma dhaifu,weakness,true
passages_train_1646,sw,tulizungumza kuhusu kahawa,,true
passages_train_1647,sw,mtoto wa Noor: kukohoa saa,cough,true
passages_train_1648,en,Not able to drink,ds_cannot_drink,true
passages_train_1649,en,very sleepy,ds_lethargic,true
passages_train_1650,sw,amechoka sana,weakness,true
passages_train_1651,mix,Baby: amezimia,ds_lethargic,true
passages_train_1652,mix,Very sleepy wiki moja,ds_lethargic,true
passages_train_1653,sw,mwili ulikuwa unatetemmeka,ds_convulsions,true
passages_train_1654,mix,No fits,,true
passages_train_1655,sw,kukoohoa sana,cough,true
passages_train_1656,sw,Mtoto wake: dhaifu,weakness,true
passages_train_1657,en,Amani unable to breastfeed for 1 days,ds_cannot_drink,true
passages_train_1658,sw,watoto wako shuleni,,true
passages_train_1659,mix,the child: kutapika,vomiting,true
passages_train_1660,mix,The boy vomits everything,ds_vomits_everything;vomiting,true
passages_train_1661,sw,Msichana: hana homa,fever,true
passages_train_1662,sw,si dhaifu,weakness,true
passages_train_1663,sw,leo mvua imenyseha sana,,true
passages_train_1664,sw,anatapika kila kitu,ds_vomits_everything;vomiting,true
passages_train_1665,sw,Hajitambui tangu jana,ds_lethargic,true
passages_train_1666,sw,wamepanda maharagwe,,true
passages_train_1667,sw,tulizungumza kuhusu kahawa,,true
passages_train_1668,sw,ana kikohozi kwa siku moja,cough,true
passages_train_1669,en,coughing,cough,true
passages_train_1670,en,the girl: hot body for 1 days,fever,true
passages_train_1671,mix,Father: hawezi kuamka,ds_lethargic,true
passages_train_1672,en,baby cough,cough,true
passages_train_1673,mix,the girl ana homa,fever,true
passages_train_1674,sw,Mtoto anatapika kila anachokunywa wiki moja,ds_vomits_everything;vomiting,true
passages_train_1675,en,diarrhoea x1 days,diarrhoea,true
passages_train_1676,sw,Ammani: mnyonge,weakness,true
passages_train_1677,sw,mtoto: mnyonge tangu juzi,weakness,true
passages_train_1678,mix,Ana homa for 5 days,fever,true
passages_train_1679,sw,mtoto wa Noor homa,fever,true
passages_train_1680,mix,the boy lethargic,ds_lethargic,true
passages_train_1681,sw,mama anauza maziwa sokoni,,true
passages_train_1682,en,stomach pain for 1 week,pain,true
passages_train_1683,mix,mtoto: alipata degedege + vomits everything,ds_convulsions;ds_vomits_everything;vomiting,true
passages_train_1684,en,water point is far,,true
passages_train_1685,mix,haharishi,diarrhoea,true
passages_train_1686,sw,hana nguvu,weakness,true
passages_train_1687,en,water point is far,,true
passages_train_1688,sw,Hajitambui + choo cha maji tangu jana,diarrhoea;ds_lethargic,true
passages_train_1689,en,Vomited for 1 week,vomiting,true
passages_train_1690,en,no energy snice yesterday,weakness,true
passages_train_1691,mix,The girl hana nguvu siku 2,weakness,true
passages_train_1692,mix,Grandmother diarrrhea,diarrhoea,true
passages_train_1693,sw,anaendesha,diarrhoea,true
passages_train_1694,en,diarrhea x3 days,diarrhoea,true
passages_train_1695,sw,Amani: anakohoa tangu juzi,cough,true
passages_train_1696,sw,mvulana anaugua homa wiki moja,fever,true
passages_train_1697,mix,the child: haharishi anatapika,diarrhoea;vomiting,true
passages_train_1698,en,the girl very sleepy 1 days,ds_lethargic,true
passages_train_1699,mix,Amani: darrhea,diarrhoea,true
passages_train_1700,en,vomits everything,ds_vomits_everything;vomiting,true
passages_train_1701,en,unable to breastfeed hot boddy for 2 days,ds_cannot_drink;fever,true
passages_train_1702,sw,nyumba ina maji saafi,,true
passages_train_1703,sw,amechoka saana,weakness,true
passages_train_1704,mix,dhaifu,weakness,true
passages_train_1705,mix,anaendesha,diarrhoea,true
passages_train_1706,en,the child: unable to breastfeed,ds_cannot_drink,true
passages_train_1707,en,the boy: fits since yesterday,ds_convulsions,true
passages_train_1708,en,The child: throwing up,vomiting,true
passages_train_1709,sw,Amani maumivu ya kichwa,pain,true
passages_train_1710,en,stomach pain + vomits everything,ds_vomits_everything;pain;vomiting,true
passages_train_1711,mix,mtoto throows up everything 4 days,ds_vomits_everything;vomiting,true
passages_train_1712,mix,Hakuwa na degedege,,true
passages_train_1713,sw,kichwa kinauma,pain,true
passages_train_1714,sw,ana degedege wki moja,ds_convulsions,true
passages_train_1715,sw,msichana: amechoka sana,weakness,true
passages_train_1716,mix,grandmother: yuko macho siku nne,,true
passages_train_1717,sw,barabara ni mbaya baada ya mvua,,true
passages_train_1718,mix,Ana kikohozi,cough,true
passages_train_1719,mix,jirani apin for 5 days,pain,true
passages_train_1720,en,Baby no diarrhea,diarrhoea,true
passages_train_1721,sw,mtoto wa Nooor alipata degedege,ds_convulsions,true
passages_train_1722,mix,throws up everything + no energy tangu juzi,ds_vomits_everything;vomiting;weakness,true
passages_train_1723,sw,nyumba ina maji safi,,true
passages_train_1724,sw,mischana: ana kikohozi wiki moja,cough,true
passages_train_1725,sw,baba hanyonyi wiki moja,ds_cannot_drink,true
passages_train_1726,sw,ananyonya vizuri wiki moja,,true
passages_train_1727,en,very weak for 5 days,weakness,true
passages_train_1728,en,coffee price went up,,true
passages_train_1729,sw,msichana anatapika kila anachokunywa siku 1,ds_vomits_everything;vomiting,true
passages_train_1730,sw,Hana nguvu,weakness,true
passages_train_1731,mix,mtoto wake: kikohozi kikali tangu jana,cough,true
passages_train_1732,mix,not weak,weakness,true
passages_train_1733,en,diarrhea x1 days,diarrhoea,true
passages_train_1734,sw,kuharisha siku moja,diarrhoea,true
passages_train_1735,mix,Child kuhara / hawezi kunywa kwa siku tano,diarrhoea;ds_cannot_drink,true
passages_train_1736,sw,familia ina shamba la mahindi,,true
passages_train_1737,sw,Amani: kifafa wiki moja,ds_convulsions,true
passages_train_1738,mix,Amani vomting,vomiting,true
passages_train_1739,en,unable to drink,ds_cannot_drink,true
passages_train_1740,en,lethargic,ds_lethargic,true
passages_train_1741,mix,pain,pain,true
passages_train_1742,sw,degedege kwa siku tano,ds_convulsions,true
passages_train_1743,sw,Msichana: anatapika kila anachokunywa,ds_vomits_everything;vomiting,true
passages_train_1744,mix,unable to breastfeed,ds_cannot_drink,true
passages_train_1745,sw,leo mvua imenyesha sana,,true
passages_train_1746,sw,kikohozi kikali,cough,true
passages_train_1747,sw,tutarudi wiki ijayo kwa ziara,,true
passages_train_1748,mix,The child: convulsions x1 days,ds_convulsions,true
passages_train_1749,sw,hawezi kunyonya,ds_cannot_drink,true
passages_train_1750,sw,wamepanda maharagwe,,true
passages_train_1751,sw,Homa kali siku mbili,fever,true
passages_train_1752,en,discussed the vaccination card,,true
passages_train_1753,en,Not able to drink / vomited since yesterday,ds_cannot_drink;vomiting,true
passages_train_1754,sw,tutarudi wiki ijayo kwa ziara,,true
passages_train_1755,sw,homa kali + hakuwa na degedege,fever,true
passages_train_1756,sw,hattapiki tangu jana,vomiting,true
passages_train_1757,sw,Amani: kuharisha wiki moja,diarrhoea,true
passages_train_1758,sw,mvulana kikohozi siku 3,cough,true
passages_train_1759,mix,anatapika 2 days,vomiting,true
passages_train_1760,sw,Kukohoa sana,cough,true
passages_train_1761,mix,playing normally + anaendesha,diarrhoea,true
passages_train_1762,en,the girl: throwing up,vomiting,true
passages_train_1763,en,discussed the vaccination card,,true
passages_train_1764,sw,Hana nguvu kuhara,diarrhoea;weakness,true
passages_train_1765,en,The girl: not weak + not vomiting,vomiting;weakness,true
passages_train_1766,sw,dgeedege,ds_convulsions,true
passages_train_1767,mix,hakohoi,cough,true
passages_train_1768,sw,mnyonge,weakness,true
passages_train_1769,mix,unconscious for 3 days,ds_lethargic,true
passages_train_1770,mix,hakuna homa,fever,true
passages_train_1771,sw,Kuharisha wiki moja,diarrhoea,true
passages_train_1772,sw,Tumbo linauma,pain,true
passages_train_1773,mix,the girl playing normally 5 days,,true
passages_train_1774,sw,mtoto wa Noor: anatapika kila anachokunywa siku moja,ds_vomits_everything;vomiting,true
passages_train_1775,sw,mtoto wa Noor: homa,fever,true
passages_train_1776,en,the road was muddy,,true
passages_train_1777,sw,ana kikohozi,cough,true
passages_train_1778,sw,Mvulana: tumbo linauma + hakuwa na degedege,pain,true
passages_train_1779,mix,Amani: ametapika siku tano,vomiting,true
passages_train_1780,sw,mtoto mnyonge,weakness,true
passages_train_1781,sw,jirani: amechoka sana,weakness,true
passages_train_1782,en,hard to wake + vomiting 5 days,ds_lethargic;vomiting,true
passages_train_1783,sw,mtoto wa Noor kikohozi kikali wiki moja,cough,true
passages_train_1784,en,Cannot drink,ds_cannot_drink,true
passages_train_1785,sw,mtoto: ana degedege,ds_convulsions,true
passages_train_1786,sw,mtoto wa Noor: homa wiki moja,fever,true
passages_train_1787,sw,Mtoto wake kutapika mara moja kwa siku mbili,vomiting,true
passages_train_1788,sw,familia ina shamba la mahindi,,true
passages_train_1789,sw,Mvulana kikohozi kikali,cough,true
passages_train_1790,sw,mtoto wake: kuhara,diarrhoea,true
passages_train_1791,en,letthargic for 1 week,ds_lethargic,true
passages_train_1792,sw,degedege tangu jana,ds_convulsions,true
passages_train_1793,sw,hawezi kuamka kwa siku moja,ds_lethargic,true
passages_train_1794,en,hot body,fever,true
passages_train_1795,mix,The boy anatapika + pain x4 daays,pain;vomiting,true
passages_train_1796,mix,baby unconscious,ds_lethargic,true
passages_train_1797,mix,hakohoi siku moja,cough,true
passages_train_1798,en,hot body 5 days,fever,true
passages_train_1799,sw,Mtoto wa noor: hawezi kunyonya siku nne,ds_cannot_drink,true
passages_train_1800,mix,Unable to breastfeed for 5 days,ds_cannot_drink,true
passages_train_1801,en,Amani: had convulsios,ds_convulsions,true
passages_train_1802,sw,mnyonge kwa siku tatu,weakness,true
passages_train_1803,en,The girl hot body for 1 days,fever,true
passages_train_1804,sw,mtoto hakunywa chochote tangu juzi,ds_cannot_drink,true
passages_train_1805,mix,Mama yake anakohoa / tumbo linauma,cough;pain,true
passages_train_1806,sw,amechoka sana,weakness,true
passages_train_1807,sw,mtoto wa Noor: si dhaifu tangu jana,weakness,true
passages_train_1808,mix,Msichana: mauimvu ya tumbo siku 3,pain,true
passages_train_1809,sw,msichana: joto jingi mwilini wiki moja,fever,true
passages_train_1810,sw,mtoto: hakuna homa,fever,true
passages_train_1811,en,discussed the vaccination card,,true
passages_train_1812,mix,msichana lethargic tangu juzi,ds_lethargic,true
passages_train_1813,en,the boy: unconscious,ds_lethargic,true
passages_train_1814,mix,convulsions for 1 days,ds_convulsions,true
passages_train_1815,sw,mtoto wa Noor anaugua homa,fever,true
passages_train_1816,sw,si dhaifu wiki moja,weakness,true
passages_train_1817,en,very weak x2 days,weakness,true
passages_train_1818,sw,Amani: kikohozi kikali,cough,true
passages_train_1819,en,Child running stomah for 2 days,diarrhoea,true
passages_train_1820,sw,amelegea tangu jana,ds_lethargic,true
passages_train_1821,sw,barabara ni mbaya baada ya mvua,,true
passages_train_1822,sw,mama anauza maziwa sokoni,,true
passages_train_1823,en,mother sells milk at the market,,true
passages_train_1824,sw,joto jingi mwilini tangu juzi,fever,true
passages_train_1825,mix,No eneergy for 1 week,weakness,true
passages_train_1826,sw,joto jingi mwilini wiki moja,fever,true
passages_train_1827,mix,stomach pain,pain,true
passages_train_1828,sw,mwili ulikuwa unatetemekka siku tatu,ds_convulsions,true
passages_train_1829,en,vomits everything for 1 ewek,ds_vomits_everything;vomiting,true
passages_train_1830,sw,mvulana hawezi kunywa,ds_cannot_drink,true
passages_train_1831,sw,Msichana anacheza vizuri,,true
passages_train_1832,sw,mvulana: anacheza vizuri,,true
passages_train_1833,sw,tutarudi wiki ijayo kwa ziara,,true
passages_train_1834,sw,mama anauza maziwa sokoni,,true
passages_train_1835,sw,Homa / mnyonge tangu juzi,fever;weakness,true
passages_train_1836,en,Amani fever,fever,true
passages_train_1837,mix,has fever,fever,true
passages_train_1838,sw,tumbo haliumi,pain,true
passages_train_1839,sw,anatapika tangu juzi,vomiting,true
passages_train_1840,sw,mnyonge siku 4,weakness,true
passages_train_1841,en,high fever for 2 days,fever,true
passages_train_1842,en,playing normally x4 days,,true
passages_train_1843,mix,the boy lethargic + vomits everything for 1 week,ds_lethargic;ds_vomits_everything;vomiting,true
passages_train_1844,sw,wamepanda maharagwe,,true
passages_train_1845,mix,hawezi kuamka for 3 days,ds_lethargic,true
passages_train_1846,sw,kifafa wiki moja,ds_convulsions,true
passages_train_1847,sw,wamepanda maharagwe,,true
passages_train_1848,sw,Hana nguvu,weakness,true
passages_train_1849,mix,Kifafa for 1 week,ds_convulsions,true
passages_train_1850,sw,jirani: hajitambui + hanyonyi kwa siku nne,ds_cannot_drink;ds_lethargic,true
passages_train_1851,en,hard to wake / convulsions,ds_convulsions;ds_lethargic,true
passages_train_1852,sw,tulizungumza kuhsu kahawa,,true
passages_train_1853,sw,hana kikohozi kwa siku tano,cough,true
passages_train_1854,en,throws up everything,ds_vomits_everything;vomiting,true
passages_train_1855,sw,mtoto wake kutapika mara moja,vomiting,true
passages_train_1856,sw,mtoto wa Noor anaaendesha,diarrhoea,true
passages_train_1857,sw,ananyonya vizuri,,true
passages_train_1858,en,Amani: had convulsions,ds_convulsions,true
passages_train_1859,sw,familia ina shamba la mahindi,,true
passages_train_1860,sw,Amani ana kikohozi,cough,true
passages_train_1861,sw,mvulana: hakuwa na degedege kwa siku tatu,,true
passages_train_1862,sw,Mtoto wa noor mwili una joto,fever,true
passages_train_1863,mix,hakohoi wiki moja,cough,true
passages_train_1864,en,Amani: not coughing,cough,true
passages_train_1865,sw,Mtoto wake: kifafa,ds_convulsions,true
passages_train_1866,en,Diarrhea,diarrhoea,true
passages_train_1867,en,headache for 1 week,pain,true
passages_train_1868,sw,hana kikohozi tangu jana,cough,true
passages_train_1869,sw,tutarudi wiki ijayo kwa ziara,,true
passages_train_1870,sw,jirani hakohoi,cough,true
passages_train_1871,en,the boy no energy,weakness,true
passages_train_1872,sw,hakuwa na degedege wiki moja,,true
passages_train_1873,sw,Hawezi kuamka,ds_lethargic,true
passages_train_1874,en,discussed the vaccination card,,true
passages_train_1875,mix,hakohoi,cough,true
passages_train_1876,en,running stomach for 1 week,diarrhoea,true
passages_train_1877,sw,Msichana: amezimia + hakuwa na degedege,ds_lethargic,true
passages_train_1878,sw,bibi anatapika kwa siku moja,vomiting,true
passages_train_1879,sw,Mtoto: mwili una joto kwa siku nne,fever,true
passages_train_1880,sw,amekataa kunyonya kwa siku tatu,ds_cannot_drink,true
passages_train_1881,sw,Mtoto wake: ana homa wiki omja,fever,true
passages_train_1882,sw,wamepanda maharagwe,,true
passages_train_1883,sw,mtoto wa Noor mnyonge,weakness,true
passages_train_1884,en,Weak,weakness,true
passages_train_1885,en,chilld pain,pain,true
passages_train_1886,en,vomiting since yesterday,vomiting,true
passages_train_1887,en,does not have fever for 5 days,fever,true
passages_train_1888,sw,Kutapika mara moja,vomiting,true
passages_train_1889,sw,Hakohoi siku 2,cough,true
passages_train_1890,mix,Amani anaharisha fits for 1 week,diarrhoea;ds_convulsions,true
passages_train_1891,sw,maumivu ya tumbo,pain,true
passages_train_1892,sw,watoto wako shuleni,,true
passages_train_1893,sw,mtoto wakke: ana degedege,ds_convulsions,true
passages_train_1894,sw,wamepanda maharagwe,,true
passages_train_1895,mix,mvulana not coughing siku 1,cough,true
passages_train_1896,sw,Mtoto wa noor: amekataa kunyonya,ds_cannot_drink,true
passages_train_1897,sw,watoto wako shuleni,,true
passages_train_1898,en,routine household visit,,true
passages_train_1899,mix,the child: degedege,ds_convulsions,true
passages_train_1900,mix,diarrhea,diarrhoea,true
passages_train_1901,en,Running stomach for 1 days,diarrhoea,true
passages_train_1902,en,very weak x1 days,weakness,true
passages_train_1903,sw,tutarudi wiki ijayo kwa ziara,,true
passages_train_1904,mix,Vmoiting everything siku 1,ds_vomits_everything;vomiting,true
passages_train_1905,mix,anaendesha,diarrhoea,true
passages_train_1906,en,children are at school,,true
passages_train_1907,en,no vomiting,vomiting,true
passages_train_1908,en,Baby no fits,,true
passages_train_1909,sw,watoto wako shuleni,,true
passages_train_1910,sw,mnyonge,weakness,true
passages_train_1911,en,Baby: vomiting everything 1 days,ds_vomits_everything;vomiting,true
passages_train_1912,sw,mama anauza maziwa sokoni,,true
passages_train_1913,mix,hajitambui,ds_lethargic,true
passages_train_1914,sw,msichana: anaugua homa,fever,true
passages_train_1915,sw,barabara ni mbaya bada ya mvua,,true
passages_train_1916,mix,vomits everything + hanyonyi siku tano,ds_cannot_drink;ds_vomits_everything;vomiting,true
passages_train_1917,sw,Mtoto wa noor anatapika kila anahokunywa siku tano,ds_vomits_everything;vomiting,true
passages_train_1918,sw,Hana maumivu tangu juzi,pain,true
passages_train_1919,mix,Amani headache for 5 days,pain,true
passages_train_1920,en,The child no cough,cough,true
passages_train_1921,sw,mama anauza maziwa sokoni,,true
passages_train_1922,mix,mtoto wake diarrhoea + yuko macho,diarrhoea,true
passages_train_1923,en,coffee price went up,,true
passages_train_1924,en,the child diarrhoea,diarrhoea,true
passages_train_1925,en,child: unable to drink,ds_cannot_drink,true
passages_train_1926,mix,lethargic,ds_lethargic,true
passages_train_1927,mix,mama homa,fever,true
passages_train_1928,sw,tulizungumza kuhusu kahawwa,,true
passages_train_1929,en,The chiild hard to wake,ds_lethargic,true
passages_train_1930,sw,kutapika mara moja siku 4,vomiting,true
passages_train_1931,en,baby: throwing up 3 days,vomiting,true
passages_train_1932,sw,Mwili ullikuwa unatetemeka kwa siku mbili,ds_convulsions,true
passages_train_1933,sw,nimepita kwa nyumba ya jirani,,true
passages_train_1934,sw,Msichana: amechoka sana,weakness,true
passages_train_1935,sw,Ametapika,vomiting,true
passages_train_1936,sw,mtoto wake: anaendesha tangu juzi,diarrhoea,true
passages_train_1937,sw,wamepanda maharagwe,,true
passages_train_1938,en,The mother fits,ds_convulsions,true
passages_train_1939,sw,mama: degedege tangu jana,ds_convulsions,true
passages_train_1940,sw,hajatapika ana kikohozi,cough;vomiting,true
passages_train_1941,sw,msichana hajaharisha,diarrhoea,true
passages_train_1942,sw,Kutapika mara moja,vomiting,true
passages_train_1943,en,the child: fever,fever,true
passages_train_1944,sw,nimepita kwa nyumba ya jirani,,true
passages_train_1945,mix,Amani: degedege,ds_convulsions,true
passages_train_1946,sw,baba hana homa + ametapika,fever;vomiting,true
passages_train_1947,mix,maumivu ya kichwa kwa siku ttu,pain,true
passages_train_1948,mix,mtoto wake vomited,vomiting,true
passages_train_1949,sw,Mtoto wake kila anachokula anatapika kwa siku nne,ds_vomits_everything;vomiting,true
passages_train_1950,sw,Tumbo linauma,pain,true
passages_train_1951,sw,mtoto wa Noor kukohoa asna,cough,true
passages_train_1952,en,has fever,fever,true
passages_train_1953,sw,Mama: kila anachokula anatapika siku 5,ds_vomits_everything;vomiting,true
passages_train_1954,mix,Baby kila anachookula anatapika for 5 days,ds_vomits_everything;vomiting,true
passages_train_1955,en,the child: vomits everything,ds_vomits_everything;vomiting,true
passages_train_1956,mix,Anatapika kila anachokunywa,ds_vomits_everything;vomiting,true
passages_train_1957,sw,Anatapika kila anachokunyywa,ds_vomits_everything;vomiting,true
passages_train_1958,sw,tutarudi wiki ijayo kwa ziara,,true
passages_train_1959,sw,watoto wako shuleni,,true
passages_train_1960,sw,tumbo linauma,pain,true
passages_train_1961,en,hot body 1 days,fever,true
passages_train_1962,sw,anaugua homa wiki moja,fever,true
passages_train_1963,sw,Kila anachokula anataipka siku 4,ds_vomits_everything;vomiting,true
passages_train_1964,mix,child kila anachhokula anatapika wiki moja,ds_vomits_everything;vomiting,true
passages_train_1965,sw,degedege sku 1,ds_convulsions,true
passages_train_1966,sw,tutarudi wiki ijayo kwa ziara,,true
passages_train_1967,sw,msichana hakuwa na degedege,,true
passages_train_1968,sw,watoto wakko shuleni,,true
passages_train_1969,mix,ananyoyna vizuri,,true
passages_train_1970,en,vomited,vomiting,true
passages_train_1971,sw,mama yake hakuwa na degedege,,true
passages_train_1972,sw,Amani hajahharisha / amezimia siku 3,diarrhoea;ds_lethargic,true
passages_train_1973,sw,watoto awko shuleni,,true
passages_train_1974,sw,hana kikohozi,cough,true
passages_train_1975,mix,diarrhoea,diarrhoea,true
passages_train_1976,en,vomiting everything,ds_vomits_everything;vomiting,true
passages_train_1977,sw,kutapika,vomiting,true
passages_train_1978,sw,Baba: hawezi kuamka tangu juzi,ds_lethargic,true
passages_train_1979,sw,barabara ni mbaya abada ya mvua,,true
passages_train_1980,sw,mtoto wake: dhaifu tangu jana,weakness,true
passages_train_1981,sw,mtoto wa Noor: homa tangu juzi,fever,true
passages_train_1982,en,child: denies pain,pain,true
passages_train_1983,sw,mtoto wa Noor: kuatpika,vomiting,true
passages_train_1984,sw,mnyonge,weakness,true
passages_train_1985,mix,mvulana: vomiting everything,ds_vomits_everything;vomiting,true
passages_train_1986,mix,the girl anatapika for 1 week,vomiting,true
passages_train_1987,sw,baba: kia anachokula anatapika,ds_vomits_everything;vomiting,true
passages_train_1988,en,Lethargic,ds_lethargic,true
passages_train_1989,en,baby: fits for 3 days,ds_convulsions,true
passages_train_1990,en,Diarrhoea,diarrhoea,true
passages_train_1991,sw,Amani: kutapika mara moja,vomiting,true
passages_train_1992,en,Throwing up since yesterday,vomiting,true
passages_train_1993,mix,mtoto anatapika kila anachokunywa,ds_vomits_everything;vomiting,true
passages_train_1994,sw,Mtoto: amezimia siu 5,ds_lethargic,true
passages_train_1995,sw,watoto wako shuleni,,true
passages_train_1996,sw,Msichana mwili una joo tangu jana,fever,true
passages_train_1997,sw,Amani anatapika kila anachokunywa,ds_vomits_everything;vomiting,true
passages_train_1998,sw,Mtoto choo cha maji + hanyonyi,diarrhoea;ds_cannot_drink,true
passages_train_1999,sw,jirani: maumivu ya tumbo,pain,true
passages_train_2000,sw,homa,fever,true
passages_train_2001,sw,Kifafa wiki moja,ds_convulsions,true
passages_train_2002,mix,msichana: ametapika,vomiting,true
passages_train_2003,en,throws up everything 4 days,ds_vomits_everything;vomiting,true
passages_train_2004,en,neighbour coughing,cough,true
passages_train_2005,sw,Alipata degedege,ds_convulsions,true
passages_train_2006,sw,Amechoka sana,weakness,true
passages_train_2007,sw,Kutapika siku 3,vomiting,true
passages_train_2008,sw,Mama: homa kali tangu jana,fever,true
passages_train_2009,sw,jirani: anatapika kila anachokunywa,ds_vomits_everything;vomiting,true
passages_train_2010,sw,mwili una joto,fever,true
passages_train_2011,sw,mvulana: hawezi kunyonya,ds_cannot_drink,true
passages_train_2012,en,unconscious x5 days,ds_lethargic,true
passages_train_2013,sw,Mvulana maumivu ya kichwa tangu jana,pain,true
passages_train_2014,en,the road was muddy,,true
passages_train_2015,sw,Amani: homa kali siku 5,fever,true
passages_train_2016,sw,ana degedege bila homa siku 1,ds_convulsions;fever,true
passages_train_2017,mix,Msichana: not weak / coughing for 5 days,cough;weakness,true
passages_train_2018,sw,wamepanda maharagwe,,true
passages_train_2019,mix,Headache + fever for 2 days,fever;pain,true
passages_train_2020,sw,tumbo linauma / kikohozi siku mbili,cough;pain,true
passages_train_2021,sw,Amani tumbo haliumi,pain,true
passages_train_2022,mix,weak,weakness,true
passages_train_2023,en,The child: weak 4 days,weakness,true
passages_train_2024,en,child: vomiting everything,ds_vomits_everything;vomiting,true
passages_train_2025,sw,mvulana: dhaifu,weakness,true
passages_train_2026,en,baby vomiting everything,ds_vomits_everything;vomiting,true
passages_train_2027,en,child abdominal pain + coughing,cough;pain,true
passages_train_2028,sw,mtoto wake: kuhara,diarrhoea,true
passages_train_2029,mix,hana nguvu / fits siku 2,ds_convulsions;weakness,true
passages_train_2030,mix,convulsions,ds_convulsions,true
passages_train_2031,sw,Hajaharisha anatapika,diarrhoea;vomiting,true
passages_train_2032,sw,kuhara siku 5,diarrhoea,true
passages_train_2033,en,no convulsions + headache,pain,true
passages_train_2034,sw,anakohoa,cough,true
passages_train_2035,sw,msichana ana homa,fever,true
passages_train_2036,sw,Mtoto wake hakohoi kwa siku tatu,cough,true
passages_train_2037,sw,mtoto hajatapika,vomiting,true
passages_train_2038,en,discussed the vaccination card,,true
passages_train_2039,sw,Amani alipata degedege + anaugua homa siku 2,ds_convulsions;fever,true
passages_train_2040,sw,ameziima,ds_lethargic,true
passages_train_2041,sw,leo mvua imenyesha sana,,true
passages_train_2042,sw,hawezi kunywa kwa siku moja,ds_cannot_drink,true
passages_train_2043,en,child unable to drink,ds_cannot_drink,true
passages_train_2044,sw,mvulana anacheza vizuri tangu juzi,,true
passages_train_2045,sw,anaugua homa / tumbo linauma siku 1,fever;pain,true
passages_train_2046,sw,mtoto wake: mwili ulikuwa unatetemeka,ds_convulsions,true
passages_train_2047,mix,playing normally wiki moja,,true
passages_train_2048,sw,Amani: anatapika kila kitu,ds_vomits_everything;vomiting,true
passages_train_2049,en,had convulsions 2 days,ds_convulsions,true
passages_train_2050,sw,familia ina shamba la mahindi,,true
passages_train_2051,mix,mvulana homa kali siku 1,fever,true
passages_train_2052,mix,Bila homa,fever,true
passages_train_2053,sw,Mtoto: si dhaifu,weakness,true
passages_train_2054,sw,Msichana amelegea + mwili ulikuwa unatetemeka,ds_convulsions;ds_lethargic,true
passages_train_2055,en,Not able to rdink throws up everything,ds_cannot_drink;ds_vomits_everything;vomiting,true
passages_train_2056,sw,kifafa,ds_convulsions,true
passages_train_2057,en,very weak / fits for 1 week,ds_convulsions;weakness,true
passages_train_2058,mix,amechoka sana 5 days,weakness,true
passages_train_2059,mix,Amani diarrhea,diarrhoea,true
passages_train_2060,sw,mtoto wake: maumivu tangu jana,pain,true
passages_train_2061,sw,hakuna homa,fever,true
passages_train_2062,sw,Mtoto: hakuwa na degedege kicchwa kinauma,pain,true
passages_train_2063,sw,ametapika,vomiting,true
passages_train_2064,sw,amelegea,ds_lethargic,true
passages_train_2065,en,child vomiting everything 3 days,ds_vomits_everything;vomiting,true
passages_train_2066,en,follow up visit planned,,true
passages_train_2067,en,Amanni: bad cough,cough,true
passages_train_2068,mix,the girl kukohoa sana,cough,true
passages_train_2069,sw,mtoto anatapika kila anachokunywa / ana degedege siku moja,ds_convulsions;ds_vomits_everything;vomiting,true
passages_train_2070,en,Amani vomits everything for 1 week,ds_vomits_everything;vomiting,true
passages_train_2071,sw,Amani kila anachokula anatapika tangu jana,ds_vomits_everything;vomiting,true
passages_train_2072,sw,mtoto wa Noor: hakuwa na degedege kwa siku mbili,,true
passages_train_2073,en,Lethargic x1 days,ds_lethargic,true
passages_train_2074,mix,the girl dhaifu,weakness,true
passages_train_2075,mix,mtoto wa Noor does not have fever siku mbili,fever,true
passages_train_2076,sw,mvulana hajaharsiha,diarrhoea,true
passages_train_2077,mix,mtoto wa Noor: alipata degedege,ds_convulsions,true
passages_train_2078,en,not coughing since yesterday,cough,true
passages_train_2079,mix,kukohoa sana,cough,true
passages_train_2080,en,vomiited diarrhoea,diarrhoea;vomiting,true
passages_train_2081,mix,Ucnonscious since yesterday,ds_lethargic,true
passages_train_2082,sw,hawezi kuamka wiki moja,ds_lethargic,true
passages_train_2083,en,the girl: high fever,fever,true
passages_train_2084,en,very sleepy,ds_lethargic,true
passages_train_2085,en,father bad cough,cough,true
passages_train_2086,en,the road was muddy,,true
passages_train_2087,en,the child: cough since yesterday,cough,true
passages_train_2088,mix,No diarrhoea 5 days,diarrhoea,true
passages_train_2089,en,coughing,cough,true
passages_train_2090,sw,tumbo haliumi,pain,true
passages_train_2091,en,diarrhea,diarrhoea,true
passages_train_2092,sw,Baba hana nguvu,weakness,true
passages_train_2093,en,baby diarrhoea since yesterday,diarrhoea,true
passages_train_2094,sw,Anacheza vizuri,,true
passages_train_2095,sw,Amani: kuttapika + kichwa kinauma siku moja,pain;vomiting,true
passages_train_2096,sw,Hajitambui,ds_lethargic,true
passages_train_2097,sw,kikohozi kikali kwa siku moja,cough,true
passages_train_2098,sw,Bibi: hakuwa na deedege,,true
passages_train_2099,en,Child abdominal pain 2 days,pain,true
passages_train_2100,mix,mvulana: no fever,fever,true
passages_train_2101,mix,mtoto wa Noor ana kikohozi tangu jana,cough,true
passages_train_2102,en,no cough,cough,true
passages_train_2103,sw,Mtoto anacheza vizuri tangu juzi,,true
passages_train_2104,sw,kila anachokula anatapika,ds_vomits_everything;vomiting,true
passages_train_2105,sw,tulizungumza kuhusu kahawa,,true
passages_train_2106,mix,The mother: coughing siku nne,cough,true
passages_train_2107,en,follow up visit planned,,true
passages_train_2108,en,family rgows coffee and maize,,true
passages_train_2109,mix,Mtoto wake kuhara x2 das,diarrhoea,true
passages_train_2110,mix,hana nguvu,weakness,true
passages_train_2111,en,the child: coughing 5 days,cough,true
passages_train_2112,en,Had convulsions 5 days,ds_convulsions,true
passages_train_2113,en,the girrl unable to drink for 1 week,ds_cannot_drink,true
passages_train_2114,mix,hawezi kuamka,ds_lethargic,true
passages_train_2115,mix,degedege since yesterday,ds_convulsions,true
passages_train_2116,sw,mtoto wake kuharissha,diarrhoea,true
passages_train_2117,en,No energy x2 days,weakness,true
passages_train_2118,sw,leo mvua imenyesha sana,,true
passages_train_2119,sw,dhaifu tangu juzi,weakness,true
passages_train_2120,sw,Maumivu,pain,true
passages_train_2121,en,coughing for 1 week,cough,true
passages_train_2122,en,Very wek,weakness,true
passages_train_2123,sw,hawezi kunywa,ds_cannot_drink,true
passages_train_2124,mix,Amani: anaugua homa,fever,true
passages_train_2125,sw,hajatapika,vomiting,true
passages_train_2126,sw,mama anauza maziwa sokoni,,true
passages_train_2127,mix,No fits,,true
passages_train_2128,en,high fever since yesterday,fever,true
passages_train_2129,mix,father: kifafa,ds_convulsions,true
passages_train_2130,mix,can drink,,true
passages_train_2131,en,Amani: abdominal pain for 1 days,pain,true
passages_train_2132,en,Running stomach,diarrhoea,true
passages_train_2133,mix,mtot: not weak,weakness,true
passages_train_2134,sw,msichana kikohozi kikali,cough,true
passages_train_2135,en,Child vomiting everything,ds_vomits_everything;vomiting,true
passages_train_2136,mix,Si dhaifu,weakness,true
passages_train_2137,sw,Mvulana: usingizi mzito,ds_lethargic,true
passages_train_2138,sw,mtoto wa Noor ananyonya vizuri siku 3,,true
passages_train_2139,mix,unable to brestfeed,ds_cannot_drink,true
passages_train_2140,mix,The child no diarrhea siku 5,diarrhoea,true
passages_train_2141,mix,choo cha maji for 4 days,diarrhoea,true
passages_train_2142,sw,msichana: hana kuhara tangu juzi,diarrhoea,true
passages_train_2143,sw,Mtoto: homa kali amechoka sana,fever;weakness,true
passages_train_2144,sw,tutarudi wiki ijayo kwa ziara,,true
passages_train_2145,en,Running stomach,diarrhoea,true
passages_train_2146,sw,mtoto wa Noor: maumivu ya tumbo,pain,true
passages_train_2147,mix,Msichana: convulsions,ds_convulsions,true
passages_train_2148,sw,uKhara tangu juzi,diarrhoea,true
passages_train_2149,sw,leo mvua imenyesha sana,,true
passages_train_2150,mix,the girl weak,weakness,true
passages_train_2151,mix,the boy anatapika kila kitu for 1 week,ds_vomits_everything;vomiting,true
passages_train_2152,sw,nyumba ina maji safi,,true
passages_train_2153,sw,wamepanda maharagwe,,true
passages_train_2154,sw,Msichana: usingizi mzito kwa siku mbili,ds_lethargic,true
passages_train_2155,sw,mtoto wa Noor: choo cha maji,diarrhoea,true
passages_train_2156,en,the girl vomits everything since yesterday,ds_vomits_everything;vomiting,true
passages_train_2157,sw,hawezi kunywa,ds_cannot_drink,true
passages_train_2158,sw,barabara ni mbaya baada ya mvua,,true
passages_train_2159,sw,hana kikohozi + homa kali kwa siku tano,cough;fever,true
passages_train_2160,sw,wamepanda maharagwe,,true
passages_train_2161,sw,msichana: joto jingi mwilini + kuhara,diarrhoea;fever,true
passages_train_2162,mix,mvulana not weak,weakness,true
passages_train_2163,sw,Amani hanyonyi siku nne,ds_cannot_drink,true
passages_train_2164,sw,Mtoto: maumivu ya tumbo sikku tatu,pain,true
passages_train_2165,sw,nimepita kwa nyumba ya jirani,,true
passages_train_2166,mix,father mwili ulikuwa unatetemeka tangu jana,ds_convulsions,true
passages_train_2167,sw,mtoto wa Noor: anatapika kila kitu,ds_vomits_everything;vomiting,true
passages_train_2168,sw,Hakuwa na deegedege,,true
passages_train_2169,en,mother sells milk at the market,,true
passages_train_2170,sw,leo mvua imenyesha sana,,true
passages_train_2171,sw,Mtoto wa noor: hatapiki tangu juzi,vomiting,true
passages_train_2172,sw,Amani: si dhaifu,weakness,true
passages_train_2173,sw,mvulana: amechoka sana anaugua homa,fever;weakness,true
passages_train_2174,en,no fiits,,true
passages_train_2175,en,child: hot body,fever,true
passages_train_2176,mix,playing normally,,true
passages_train_2177,sw,Hana kikohozi,cough,true
passages_train_2178,sw,kichwa kinauma tangu jana,pain,true
passages_train_2179,sw,Msichana: maumivu ya kichwa,pain,true
passages_train_2180,mix,no cough,cough,true
passages_train_2181,sw,mtoto: si dhaifu hajitambui siku 1,ds_lethargic;weakness,true
passages_train_2182,sw,msichana: hana maumivu,pain,true
passages_train_2183,mix,kila anachokula anatapika skiu 1,ds_vomits_everything;vomiting,true
passages_train_2184,en,vomited x3 days,vomiting,true
passages_train_2185,sw,Amani anatapika hawezi kunyonya kwa siku mbili,ds_cannot_drink;vomiting,true
passages_train_2186,en,The mother: hard to wake,ds_lethargic,true
passages_train_2187,mix,kutapika,vomiting,true
passages_train_2188,sw,bibi: anaugua homa,fever,true
passages_train_2189,sw,mama anauza maziwa sokoni,,true
passages_train_2190,en,The boy vomiting,vomiting,true
passages_train_2191,sw,Amani: maumivu ya kichwa kwa siku moja,pain,true
passages_train_2192,en,had convulsions for 1 week,ds_convulsions,true
passages_train_2193,en,The girl: cough for 5 dayys,cough,true
passages_train_2194,sw,anatapika,vomiting,true
passages_train_2195,sw,mtoto wake: degedege siku tatu,ds_convulsions,true
passages_train_2196,sw,yuko macho kwa siku tatu,,true
passages_train_2197,sw,mtoto wake anaendesha tangu jana,diarrhoea,true
passages_train_2198,mix,diarrhoea for 1 days,diarrhoea,true
passages_train_2199,sw,mvulana hanyoonyi,ds_cannot_drink,true
passages_train_2200,mix,Unconscious,ds_lethargic,true
passages_train_2201,sw,ana degedege siku tatu,ds_convulsions,true
passages_train_2202,sw,mtoto wake mwili ulikuwa unatetemeka,ds_convulsions,true
passages_train_2203,sw,mtoto wake kila anachokula anatapika,ds_vomits_everything;vomiting,true
passages_train_2204,mix,diarrhea kwa siku tano,diarrhoea,true
passages_train_2205,en,the girl hard to wake,ds_lethargic,true
passages_train_2206,en,Amani unable to drink x4 days,ds_cannot_drink,true
passages_train_2207,en,Diarrhoea for 1 week,diarrhoea,true
passages_train_2208,en,child has fever since yesterday,fever,true
passages_train_2209,mix,father: throws up everything,ds_vomits_everything;vomiting,true
passages_train_2210,sw,wamepanda maharagwe,,true
passages_train_2211,sw,mtoto wa Noor: ana degedege wiki moja,ds_convulsions,true
passages_train_2212,mix,Choo cha maji + not vomiting for 3 days,diarrhoea;vomiting,true
passages_train_2213,mix,mtoto wa Noor: abdominal pain,pain,true
passages_train_2214,sw,mtoto wa Noor mwili ulikuwa unatetemeka,ds_convulsions,true
passages_train_2215,sw,Hana nguvu / ana degedege,ds_convulsions;weakness,true
passages_train_2216,sw,Kila anachokula anatapika,ds_vomits_everything;vomiting,true
passages_train_2217,en,the child very weak,weakness,true
passages_train_2218,sw,Hakuwa na degedege tangu juzi,,true
passages_train_2219,sw,mvulana: ametapika tangu juzi,vomiting,true
passages_train_2220,sw,mwili ulikuwa unatetemeka tangu juzi,ds_convulsions,true
passages_train_2221,mix,baby: drinking well wiki moja,,true
passages_train_2222,mix,hakunyywa chochote,ds_cannot_drink,true
passages_train_2223,sw,mtoto wake: hana nguvu tangu juzi,weakness,true
passages_train_2224,en,bad cough 5 das,cough,true
passages_train_2225,en,high fever,fever,true
passages_train_2226,sw,kifafa,ds_convulsions,true
passages_train_2227,sw,Mama yake: alipata degedege siku tano,ds_convulsions,true
passages_train_2228,en,baby can drink + vomited x2 days,vomiting,true
passages_train_2229,en,no fits,,true
passages_train_2230,en,vomiting everything,ds_vomits_everything;vomiting,true
passages_train_2231,sw,barabara ni mbaya baada ya mvua,,true
passages_train_2232,sw,Mtoto kila anachokula anatapika,ds_vomits_everything;vomiting,true
passages_train_2233,en,the girl no fits,,true
passages_train_2234,sw,tulizungumza kuhusu kahawa,,true
passages_train_2235,mix,kikohozi kikali 1 days,cough,true
passages_train_2236,mix,Amezimia for 5 adys,ds_lethargic,true
passages_train_2237,sw,kila anachokula anatapika,ds_vomits_everything;vomiting,true
passages_train_2238,mix,Neighbour hanyonyi throws up everything,ds_cannot_drink;ds_vomits_everything;vomiting,true
passages_train_2239,sw,maumivu ya kichwa,pain,true
passages_train_2240,sw,wamepanda maharagwe,,true
passages_train_2241,sw,mvulana: hakunywa chochote,ds_cannot_drink,true
passages_train_2242,sw,ana kikohozi siku 5,cough,true
passages_train_2243,sw,leo mvua imenyesha sana,,true
passages_train_2244,sw,Mmaa: anatapika hakunywa chochote,ds_cannot_drink;vomiting,true
passages_train_2245,mix,mtoto unconscious for 2 adys,ds_lethargic,true
passages_train_2246,sw,mtoto alipata degedege kikohozi kikali kwa siku moja,cough;ds_convulsions,true
passages_train_2247,en,the raod was muddy,,true
passages_train_2248,sw,bibi: usingizi mzito,ds_lethargic,true
passages_train_2249,en,Not coughing x4 days,cough,true
passages_train_2250,sw,maumivu tangu janna,pain,true
passages_train_2251,sw,Mtoto wa noor: amezimia + bila homa kwa siku nne,ds_lethargic;fever,true
passages_train_2252,sw,leo mvua imenyesha sana,,true
passages_train_2253,en,Had convulsions + throws up everything since yesterday,ds_convulsions;ds_vomits_everything;vomiting,true
passages_train_2254,sw,mtoto wake: kuhara siku 1,diarrhoea,true
passages_train_2255,sw,kuhara,diarrhoea,true
passages_train_2256,sw,Mama anakohoa,cough,true
passages_train_2257,sw,hanyonyi,ds_cannot_drink,true
passages_train_2258,mix,no fits / vomits everything,ds_vomits_everything;vomiting,true
passages_train_2259,sw,Mtoto wa noor mwili ulikuwa unatetemeka tangu jana,ds_convulsions,true
passages_train_2260,sw,nyumba ina maji safi,,true
passages_train_2261,en,Amani not vomiting,vomiting,true
passages_train_2262,mix,kikohozi kikali,cough,true
passages_train_2263,sw,Anatapika kila anachokunnywa tangu jana,ds_vomits_everything;vomiting,true
passages_train_2264,en,the girl headache since yesterday,pain,true
passages_train_2265,sw,ana degedge tangu jana,ds_convulsions,true
passages_train_2266,sw,hajitambui,ds_lethargic,true
passages_train_2267,sw,kikohozi siku 2,cough,true
passages_train_2268,sw,familia ina shamba la mahindi,,true
passages_train_2269,sw,mama kutapika,vomiting,true
passages_train_2270,en,father: very weak / unabble to drink,ds_cannot_drink;weakness,true
passages_train_2271,mix,mtoto wake: cough siku 2,cough,true
passages_train_2272,en,child vomited,vomiting,true
passages_train_2273,sw,anaugua homa siku 2,fever,true
passages_train_2274,en,unable to drink / high fever x1 days,ds_cannot_drink;fever,true
passages_train_2275,en,unable to drink,ds_cannot_drink,true
passages_train_2276,en,coffee price went up,,true
passages_train_2277,mix,Abdominal pain,pain,true
passages_train_2278,sw,mtoto: kikohozi kikali,cough,true
passages_train_2279,mix,child had convulsions 1 dyas,ds_convulsions,true
passages_train_2280,sw,mtoto wake anaweza kunywa tangu juzi,,true
passages_train_2281,sw,msichana: amechoka sana / hawezi kunywa,ds_cannot_drink;weakness,true
passages_train_2282,sw,Hakunywa chochote,ds_cannot_drink,true
passages_train_2283,en,the child: throws up everythig,ds_vomits_everything;vomiting,true
passages_train_2284,en,the child weak,weakness,true
passages_train_2285,sw,nimepita kwa nyumba ya jirani,,true
passages_train_2286,sw,Mtoto wake: anatapika kila anachokunywa siku 2,ds_vomits_everything;vomiting,true
passages_train_2287,mix,fits wiki moja,ds_convulsions,true
passages_train_2288,mix,the boy convulsions,ds_convulsions,true
passages_train_2289,sw,Mtoto hakuwa na degedege tanggu jana,,true
passages_train_2290,sw,homa kwa siku moja,fever,true
passages_train_2291,en,Baby: lethargic,ds_lethargic,true
passages_train_2292,mix,The girl: hana maumivu tangu juzi,pain,true
passages_train_2293,sw,Maumivu ya tumbo siku tatu,pain,true
passages_train_2294,en,family grows coffee and maize,,true
passages_train_2295,sw,Amani anakohoa,cough,true
passages_train_2296,en,high fever since yesterday,fever,true
passages_train_2297,en,visited the household this morninng,,true
passages_train_2298,mix,the child ana kikohozi kwa siku moja,cough,true
passages_train_2299,mix,kuhara / hawezi kumaka siku tatu,diarrhoea;ds_lethargic,true
passages_train_2300,sw,mvulana: hakuwa na degedege kwa siku mbili,,true
passages_train_2301,en,Stomach pain had convulsions,ds_convulsions;pain,true
passages_train_2302,en,the boy playing normally,,true
passages_train_2303,en,Unconscious for 1 week,ds_lethargic,true
passages_train_2304,en,the girl convulsions,ds_convulsions,true
passages_train_2305,sw,tutarudi wiki ijayo kwa ziara,,true
passages_train_2306,en,baby: coughing since yesterday,cough,true
passages_train_2307,sw,msichana: hana nguvu,weakness,true
passages_train_2308,sw,maumivu,pain,true
passages_train_2309,en,the grl diarrhoea,diarrhoea,true
passages_train_2310,en,the boy had convulsions,ds_convulsions,true
passages_train_2311,mix,Mtoto: has fever + anatapika kila anachokunywa siku 5,ds_vomits_everything;fever;vomiting,true
passages_train_2312,sw,hawezi kunyonya,ds_cannot_drink,true
passages_train_2313,en,Diarrhea,diarrhoea,true
passages_train_2314,en,vomited,vomiting,true
passages_train_2315,mix,the girl lethargic,ds_lethargic,true
passages_train_2316,en,vomited for 1 week,vomiting,true
passages_train_2317,en,child: abdominal pain,pain,true
passages_train_2318,en,baby: throws up everything,ds_vomits_everything;vomiting,true
passages_train_2319,sw,mama anazua maziwa sokoni,,true
passages_train_2320,mix,the boy: fits for 1 week,ds_convulsions,true
passages_train_2321,mix,mvulana: haanyonyi,ds_cannot_drink,true
passages_train_2322,mix,high fever for 1 week,fever,true
passages_train_2323,en,Amani no pain 2 days,pain,true
passages_train_2324,en,The girl: convulsions,ds_convulsions,true
passages_train_2325,en,mother sells milk at the market,,true
passages_train_2326,sw,tulizungumza kuhusu kahawa,,true
passages_train_2327,mix,The girl: ana homa,fever,true
passages_train_2328,sw,Joto jingi mwilini tangu juzi,fever,true
passages_train_2329,en,The boy vomiting / cough since yesterday,cough;vomiting,true
passages_train_2330,sw,hana nguvu,weakness,true
passages_train_2331,sw,Kikohozi kikali,cough,true
passages_train_2332,mix,Aantapika,vomiting,true
passages_train_2333,sw,amelegea siku tatu,ds_lethargic,true
passages_train_2334,mix,kukohoa sana,cough,true
passages_train_2335,mix,msichana alipata degedege tangu jana,ds_convulsions,true
passages_train_2336,sw,Amani: kutapika mara moja,vomiting,true
passages_train_2337,sw,baba: kikohozi kikali,cough,true
passages_train_2338,mix,child: throws up everything + denies pain since yesterday,ds_vomits_everything;pain;vomiting,true
passages_train_2339,mix,haharishi,diarrhoea,true
passages_train_2340,en,child throwing up x1 days,vomiting,true
passages_train_2341,mix,Mtoto wake: kutapika mara moja for 1 week,vomiting,true
passages_train_2342,sw,hahrishi siku mbili,diarrhoea,true
passages_train_2343,en,vomiting,vomiting,true
passages_train_2344,mix,haharishi,diarrhoea,true
passages_train_2345,sw,nimepita kwa nyumba ya jirani,,true
passages_train_2346,sw,dhaifu,weakness,true
passages_train_2347,sw,Amani: hakuwa na degedege wiki moja,,true
passages_train_2348,mix,Hakohoi x3 days,cough,true
passages_train_2349,sw,nimepita kwa nyumba ya jirani,,true
passages_train_2350,sw,joto jingi mwilini,fever,true
passages_train_2351,sw,barabara ni mbaya baada ya mvua,,true
passages_train_2352,mix,cough,cough,true
passages_train_2353,mix,Has fever for 4 days,fever,true
passages_train_2354,mix,amezimia,ds_lethargic,true
passages_train_2355,mix,mtoto wa Noor: hawezi kuamka,ds_lethargic,true
passages_train_2356,sw,mtoto wake maumivu ya kichwa,pain,true
passages_train_2357,sw,mtoto: mwili ulikuwa unatetemeka kwa siku moja,ds_convulsions,true
passages_train_2358,sw,kutapika mara moja,vomiting,true
passages_train_2359,mix,child: hawezi kuamka kwa siku nne,ds_lethargic,true
passages_train_2360,mix,the child throwing up 1 days,vomiting,true
passages_train_2361,sw,mama yake anatapika kila anachokunywa tangu jana,ds_vomits_everything;vomiting,true
passages_train_2362,en,pain 2 days,pain,true
passages_train_2363,en,had convulsions x5 days,ds_convulsions,true
passages_train_2364,sw,Mama: kifafa tangu jana,ds_convulsions,true
passages_train_2365,sw,leo mvua imenyesha sana,,true
passages_train_2366,sw,si dhaifu / anatapika kla anachokunywa kwa siku tatu,ds_vomits_everything;vomiting;weakness,true
passages_train_2367,sw,mtoto wa Noor: maumivu ya kichwa,pain,true
passages_train_2368,sw,mtoo: hanyonyi,ds_cannot_drink,true
passages_train_2369,en,vomiting everything,ds_vomits_everything;vomiting,true
passages_train_2370,en,abdominal pain for 1 week,pain,true
passages_train_2371,en,very weak since yesterday,weakness,true
passages_train_2372,mix,kikohozi kikali wiki moja,cough,true
passages_train_2373,en,Amani: unable to breastfeed 5 dyas,ds_cannot_drink,true
passages_train_2374,sw,Amani usingizi mzito kwa siku nne,ds_lethargic,true
passages_train_2375,en,not vomiting,vomiting,true
passages_train_2376,en,the child: very sleepy,ds_lethargic,true
passages_train_2377,en,follow up visit planned,,true
passages_train_2378,en,water point is far,,true
passages_train_2379,en,baby: headache / fits x4 days,ds_convulsions;pain,true
passages_train_2380,mix,mtoto: dhaifu,weakness,true
passages_train_2381,en,very sleepy for 1 week,ds_lethargic,true
passages_train_2382,en,vomited,vomiting,true
passages_train_2383,en,the road was muddy,,true
passages_train_2384,sw,msichana: kutapika mara moja,vomiting,true
passages_train_2385,mix,child ametapika for 2 days,vomiting,true
passages_train_2386,en,Neighbour convulions,ds_convulsions,true
passages_train_2387,en,Headache,pain,true
passages_train_2388,en,Diarrhea,diarrhoea,true
passages_train_2389,sw,Maumivu ya tumbo tangu jana,pain,true
passages_train_2390,en,the child diarrhoea,diarrhoea,true
passages_train_2391,sw,mvulana: uyko macho,,true
passages_train_2392,mix,msichana: headache,pain,true
passages_train_2393,en,Vomits everything for 2 days,ds_vomits_everything;vomiting,true
passages_train_2394,sw,Amani kikohozi,cough,true
passages_train_2395,sw,Anatapika kila anachokunywa,ds_vomits_everything;vomiting,true
passages_train_2396,sw,jirani: dhaifu + anaharisha,diarrhoea;weakness,true
passages_train_2397,mix,mtoto weak 5 days,weakness,true
passages_train_2398,sw,amekataa kunyonya,ds_cannot_drink,true
passages_train_2399,sw,Anaugua homa,fever,true
passages_train_2400,en,children are at scool,,true
passages_train_2401,sw,Ana kikohozi tangu juzi,cough,true
passages_train_2402,mix,the girl no energy,weakness,true
passages_train_2403,sw,mnyonge / usingizi mzito,ds_lethargic;weakness,true
passages_train_2404,sw,kuuhara,diarrhoea,true
passages_train_2405,en,the grl fits,ds_convulsions,true
passages_train_2406,sw,Joto jingi mwilini,fever,true
passages_train_2407,sw,Mtoto wake: amechoka sana,weakness,true
passages_train_2408,sw,Anatapika kila anachokunywa,ds_vomits_everything;vomiting,true
passages_train_2409,mix,kichwa kinauma + bad coough,cough;pain,true
passages_train_2410,mix,The girl coughing,cough,true
passages_train_2411,en,the child: running stomach for 1 days,diarrhoea,true
passages_train_2412,sw,Mtoto mwili una joto,fever,true
passages_train_2413,en,mother sells milk at the market,,true
passages_train_2414,sw,anatapika kila kitu wiki moja,ds_vomits_everything;vomiting,true
passages_train_2415,sw,Kuharisha,diarrhoea,true
passages_train_2416,sw,ana degedege kwa siku mbili,ds_convulsions,true
passages_train_2417,mix,Degedege + unable to breastfeed for 1 week,ds_cannot_drink;ds_convulsions,true
passages_train_2418,sw,maumivu ya tumbo / ana degedege,ds_convulsions;pain,true
passages_train_2419,en,baby bad cough,cough,true
passages_train_2420,en,Amani hot body,fever,true
passages_train_2421,sw,mama yake: hajaharisha,diarrhoea,true
passages_train_2422,sw,Mvulana hanyonyi tangu jana,ds_cannot_drink,true
passages_train_2423,sw,msichana: hakuwa na degedege + anatapika,vomiting,true
passages_train_2424,sw,Amani hana maumivu,pain,true
passages_train_2425,sw,mtoto wa Noor: ana homa kwa siku tatu,fever,true
passages_train_2426,sw,familia ina shamba la mahindi,,true
passages_train_2427,sw,Kuharisha,diarrhoea,true
passages_train_2428,sw,Hana maumivu kwa siku tano,pain,true
passages_train_2429,sw,Amani: hawezi kunyonya tangu juzi,ds_cannot_drink,true
passages_train_2430,en,Child bad cough for 1 days,cough,true
passages_train_2431,en,the girl: very sleepy,ds_lethargic,true
passages_train_2432,en,dooes not have fever 4 days,fever,true
passages_train_2433,en,had convulsions,ds_convulsions,true
passages_train_2434,mix,maumivu ya tumbo for 5 days,pain,true
passages_train_2435,en,the mothe: not weak,weakness,true
passages_train_2436,en,vomits eerything,ds_vomits_everything;vomiting,true
passages_train_2437,mix,msichana had convulsions,ds_convulsions,true
passages_train_2438,mix,the boy: hawezi kunyonya tangu jana,ds_cannot_drink,true
passages_train_2439,sw,ananyonya vizuri,,true
passages_train_2440,sw,anakkunywa vizuri,,true
passages_train_2441,mix,Amani: fever x2 days,fever,true
passages_train_2442,sw,Mnyonge,weakness,true
passages_train_2443,sw,leo mvua imenyesha sana,,true
passages_train_2444,sw,mtoto wake maumivu ya tumbo,pain,true
passages_train_2445,mix,mtoto not weak,weakness,true
passages_train_2446,mix,msichana vomiting everything kichwa kinauma,ds_vomits_everything;pain;vomiting,true
passages_train_2447,en,child very sleepy,ds_lethargic,true
passages_train_2448,en,coughing,cough,true
passages_train_2449,en,Baby hot boody for 1 week,fever,true
passages_train_2450,mix,lethargic,ds_lethargic,true
passages_train_2451,sw,ibbi anatapika,vomiting,true
passages_train_2452,en,no energy,weakness,true
passages_train_2453,sw,anatapika kila anachokunywa + ametapika siku tatu,ds_vomits_everything;vomiting,true
passages_train_2454,sw,Anakunywa vizuuri + anaharisha,diarrhoea,true
passages_train_2455,mix,verry weak wiki moja,weakness,true
passages_train_2456,mix,Msichana diarrhoea + cannot drink,diarrhoea;ds_cannot_drink,true
passages_train_2457,mix,throws up everything,ds_vomits_everything;vomiting,true
passages_train_2458,sw,Mwili ulikuwa unatetemeka / ametapika,ds_convulsions;vomiting,true
passages_train_2459,sw,bibi: kutapika,vomiting,true
passages_train_2460,sw,anacheza vizuri anatapika taangu juzi,vomiting,true
passages_train_2461,mix,mtoto wa Noor: diarrhea,diarrhoea,true
passages_train_2462,en,hard to wake diarrhea for 1 week,diarrhoea;ds_lethargic,true
passages_train_2463,en,water point is far,,true
passages_train_2464,mix,Ana kikohozi 5 days,cough,true
passages_train_2465,sw,Aanendesha,diarrhoea,true
passages_train_2466,sw,msichana: anakunywa vizuri,,true
passages_train_2467,mix,neighbour: hana nguvu tangu jana,weakness,true
passages_train_2468,sw,si dhaifu,weakness,true
passages_train_2469,en,Amani: vomited / not coughing for 4 days,cough;vomiting,true
passages_train_2470,sw,Ana kikohozi / amechoka sana kwa siku mbili,cough;weakness,true
passages_train_2471,sw,Amani degedege siku nne,ds_convulsions,true
passages_train_2472,sw,mvulana tumbo linauma siku 5,pain,true
passages_train_2473,sw,maumivu ya tmbo,pain,true
passages_train_2474,mix,had convulsions for 4 days,ds_convulsions,true
passages_train_2475,en,Child: abdominal pain,pain,true
passages_train_2476,sw,mvulana homa + kikohozi kikali kwa siku tano,cough;fever,true
passages_train_2477,sw,bibi: ana homa,fever,true
passages_train_2478,en,Can drink + alert,,true
passages_train_2479,sw,wamepanda maharagwe,,true
passages_train_2480,mix,diarrhoea tangu jana,diarrhoea,true
passages_train_2481,mix,mwili una joto,fever,true
passages_train_2482,mix,anaugua homa for 1 days,fever,true
passages_train_2483,en,unconscious + no energy x3 dayys,ds_lethargic;weakness,true
passages_train_2484,en,the girl weak 5 days,weakness,true
passages_train_2485,mix,msichana: hakuwa na degedege kuhara,diarrhoea,true
passages_train_2486,mix,Vomiting everything,ds_vomits_everything;vomiting,true
passages_train_2487,sw,hawezi kunywa,ds_cannot_drink,true
passages_train_2488,mix,si dhaifu tangu juzi,weakness,true
passages_train_2489,mix,Child anakohoa,cough,true
passages_train_2490,sw,msichana: anaugua homa,fever,true
passages_train_2491,sw,Hakohoi / amelegea,cough;ds_lethargic,true
passages_train_2492,mix,Has fever,fever,true
passages_train_2493,mix,mvulana: hakohoi,cough,true
passages_train_2494,sw,mtoto wa Noor amelegea,ds_lethargic,true
passages_train_2495,sw,si dhaifu,weakness,true
passages_train_2496,sw,Mtoto wake: si dhaifu tangu jana,weakness,true
passages_train_2497,en,ahrd to wake,ds_lethargic,true
passages_train_2498,sw,Alipata degedege,ds_convulsions,true
passages_train_2499,sw,msichana: ana degedege,ds_convulsions,true
passages_train_2500,mix,Mtoto homa,fever,true
passages_train_2501,mix,diarrhea,diarrhoea,true
passages_train_2502,mix,maumivu ya kichwa 4 days,pain,true
passages_train_2503,en,the girl: weak for 4 days,weakness,true
passages_train_2504,sw,anatapika kila kitu tangu jana,ds_vomits_everything;vomiting,true
passages_train_2505,mix,the mother amechoka sana,weakness,true
passages_train_2506,sw,mtoto: hawezi kunyonya wiki moja,ds_cannot_drink,true
passages_train_2507,sw,mama anauza maziwa sokoni,,true
passages_train_2508,sw,kutapika,vomiting,true
passages_train_2509,en,convulsions,ds_convulsions,true
passages_train_2510,mix,mtotto wake: has fever for 1 week,fever,true
passages_train_2511,mix,si dhaiffu,weakness,true
passages_train_2512,sw,tumbo linauma,pain,true
passages_train_2513,mix,mtoto: amelegea,ds_lethargic,true
passages_train_2514,sw,hana nguvu tangu jana,weakness,true
passages_train_2515,mix,Hawezi kunywa for 4 days,ds_cannot_drink,true
passages_train_2516,en,the girl: running stomach for 1 days,diarrhoea,true
passages_train_2517,en,Vomited,vomiting,true
passages_train_2518,sw,msichana: kutapika siku 5,vomiting,true
passages_train_2519,en,Throwinng up,vomiting,true
passages_train_2520,en,weak,weakness,true
passages_train_2521,en,baby fever since yesterday,fever,true
passages_train_2522,sw,mtoto: mnynge,weakness,true
passages_train_2523,en,convulsions for 2 days,ds_convulsions,true
passages_train_2524,en,baby: very weak,weakness,true
passages_train_2525,en,baby: no fits / very sleepy,ds_lethargic,true
passages_train_2526,en,Amani: abdominal pain since yesterday,pain,true
passages_train_2527,mix,No couggh,cough,true
passages_train_2528,en,Breastfeeding wel 4 days,,true
passages_train_2529,mix,amechoka sana for 1 days,weakness,true
passages_train_2530,en,baby: running stomach + hard to wake 5 days,diarrhoea;ds_lethargic,true
passages_train_2531,en,The child running stomach,diarrhoea,true
passages_train_2532,sw,nimepita kwa nyumba ya jirani,,true
passages_train_2533,sw,awmepanda maharagwe,,true
passages_train_2534,sw,kicwha kinauma,pain,true
passages_train_2535,sw,tulizunguumza kuhusu kahawa,,true
passages_train_2536,sw,Usingizi mzito,ds_lethargic,true
passages_train_2537,sw,mtoto wa Noor maumivu ya tumbo tangu jana,pain,true
passages_train_2538,sw,homa,fever,true
passages_train_2539,sw,leo mvua imenyessha sana,,true
passages_train_2540,sw,Anatapika kila anachokunywa,ds_vomits_everything;vomiting,true
passages_train_2541,mix,High fever,fever,true
passages_train_2542,sw,nimepita kwa nyumba ya jirani,,true
passages_train_2543,en,water point is far,,true
passages_train_2544,mix,mtoto diarrhea since yesterday,diarrhoea,true
passages_train_2545,sw,leo mvua imenyesha sana,,true
passages_train_2546,en,playing normally for 1 week,,true
passages_train_2547,en,discussed the vaccination card,,true
passages_train_2548,sw,familia ina shamba la mahindi,,true
passages_train_2549,en,Amani: has fever since yesterday,fever,true
passages_train_2550,sw,tulizungumza kuhsuu kahawa,,true
passages_train_2551,en,The child: running stomach x4 days,diarrhoea,true
passages_train_2552,sw,amechoka sana tangu juzi,weakness,true
passages_train_2553,sw,hana nguvu wiki moja,weakness,true
passages_train_2554,mix,unable to drink tangu juzi,ds_cannot_drink,true
passages_train_2555,sw,nyumba ina maji safi,,true
passages_train_2556,en,bad cough,cough,true
passages_train_2557,sw,tutarudi wiki ijayo kwa ziara,,true
passages_train_2558,sw,mvulana anakunywa vizuri siku 1,,true
passages_train_2559,mix,kuhara / not vomiting,diarrhoea;vomiting,true
passages_train_2560,sw,mtoto wake degedege wiki moja,ds_convulsions,true
passages_train_2561,en,the mother no diarrhoea for 1 week,diarrhoea,true
passages_train_2562,sw,anaharisha kwa siku nne,diarrhoea,true
passages_train_2563,mix,Mwwili ulikuwa unatetemeka,ds_convulsions,true
passages_train_2564,mix,had convulsions,ds_convulsions,true
passages_train_2565,sw,Amani anakohoa tangu jana,cough,true
passages_train_2566,sw,Mtoto anatapika wiki moja,vomiting,true
passages_train_2567,sw,hatapiki tangu juzi,vomiting,true
passages_train_2568,mix,kikohozi,cough,true
passages_train_2569,sw,hakuwa na degedege siku tano,,true
passages_train_2570,sw,wamepanda maharagwe,,true
passages_train_2571,sw,Amani amezimia,ds_lethargic,true
passages_train_2572,en,father: diarrhoea sice yesterday,diarrhoea,true
passages_train_2573,en,does not have fever,fever,true
passages_train_2574,sw,barabara ni mbaya baada ya mvua,,true
passages_train_2575,sw,alipata degedege hawezi kuamka,ds_convulsions;ds_lethargic,true
passages_train_2576,sw,wamepanda maharagwe,,true
passages_train_2577,mix,kikohozi,cough,true
passages_train_2578,en,discussed the vaccination cad,,true
passages_train_2579,mix,Msichana: nuable to drink,ds_cannot_drink,true
passages_train_2580,sw,mtoto: anakohoa kichwa kinauma tangu janna,cough;pain,true
passages_train_2581,sw,mvulana: kikohozi wiki moja,cough,true
passages_train_2582,sw,Mtoto: amekataa kunyonya,ds_cannot_drink,true
passages_train_2583,en,discussed the vaccination card,,true
passages_train_2584,en,breastfeeding well for 1 week,,true
passages_train_2585,sw,Mtoto wake kikohozi kikali siku nne,cough,true
passages_train_2586,mix,hawezi kunyonya,ds_cannot_drink,true
passages_train_2587,sw,amkeataa kunyonya / maumivu tangu jana,ds_cannot_drink;pain,true
passages_train_2588,sw,mtoto: hajitambui,ds_lethargic,true
passages_train_2589,sw,tutarudi wiki ijayo kwa ziara,,true
passages_train_2590,en,Fits since yesterday,ds_convulsions,true
passages_train_2591,sw,mtoto wa Noor: anaendesha,diarrhoea,true
passages_train_2592,sw,Amani: maumivu ya kichwa,pain,true
passages_train_2593,en,Very weak since yesterday,weakness,true
passages_train_2594,sw,jirani hakunywa chochote,ds_cannot_drink,true
passages_train_2595,sw,barabara ni mbaya baada ya mvua,,true
passages_train_2596,en,Cannot drink,ds_cannot_drink,true
passages_train_2597,mix,kikohozi kikali,cough,true
passages_train_2598,sw,haharishi kwa siku mbili,diarrhoea,true
passages_train_2599,mix,Cough,cough,true
passages_train_2600,mix,Kikohozi kikali,cough,true
passages_train_2601,en,diarrhoea,diarrhoea,true
passages_train_2602,mix,mtto wake amelegea tangu juzi,ds_lethargic,true
passages_train_2603,sw,kuharra,diarrhoea,true
passages_train_2604,sw,kichwa kniauma siku tano,pain,true
passages_train_2605,sw,msichana: amekataa kunyonya,ds_cannot_drink,true
passages_train_2606,mix,the boy had conuvlsions,ds_convulsions,true
passages_train_2607,en,mother sells milk at the market,,true
passages_train_2608,mix,running stomach for 1 week,diarrhoea,true
passages_train_2609,sw,Mtoto wakke kichwa kinauma,pain,true
passages_train_2610,sw,anatapika kwa siku moja,vomiting,true
passages_train_2611,sw,wamepanda maharagwe,,true
passages_train_2612,sw,nimepita kwa nyumba ya jirani,,true
passages_train_2613,en,visited the household this morning,,true
passages_train_2614,sw,mama yake mwili ulikuwa unatetemeka siku mbili,ds_convulsions,true
passages_train_2615,en,Baby: throwing up + does not havve fever x4 days,fever;vomiting,true
passages_train_2616,en,child not weak / coughing,cough;weakness,true
passages_train_2617,sw,mtoto bila homa siku 2,fever,true
passages_train_2618,en,had convulsions since yeesterday,ds_convulsions,true
passages_train_2619,sw,msichana: joto jnigi mwilini alipata degedege tangu juzi,ds_convulsions;fever,true
passages_train_2620,sw,wamepanda maharagwe,,true
passages_train_2621,sw,anatapika kila anachokunywa,ds_vomits_everything;vomiting,true
passages_train_2622,sw,maumivu,pain,true
passages_train_2623,en,Amani weak x3 days,weakness,true
passages_train_2624,en,baby no vomiting x3 days,vomiting,true
passages_train_2625,sw,Mnyonge,weakness,true
passages_train_2626,en,the boy very sleepy,ds_lethargic,true
passages_train_2627,en,baby unconscious,ds_lethargic,true
passages_train_2628,sw,Mtoto: kikohozi wiki moja,cough,true
passages_train_2629,en,vomits everything,ds_vomits_everything;vomiting,true
passages_train_2630,mix,hawezi kuamka,ds_lethargic,true
passages_train_2631,en,coffee price went up,,true
passages_train_2632,sw,mtoto wa Noor: hana kuhara,diarrhoea,true
passages_train_2633,sw,mtoto wake degedege kwa siku tatu,ds_convulsions,true
passages_train_2634,mix,hawezi kunywa wiki moja,ds_cannot_drink,true
passages_train_2635,sw,ametapia,vomiting,true
passages_train_2636,en,visited the household this morning,,true
passages_train_2637,mix,anatapika kila anachokunywa 4 days,ds_vomits_everything;vomiting,true
passages_train_2638,sw,mama anauza maziwa sooni,,true
passages_train_2639,en,Had convulsions,ds_convulsions,true
passages_train_2640,en,weak,weakness,true
passages_train_2641,sw,Kuharra,diarrhoea,true
passages_train_2642,en,not able to drink since yesterday,ds_cannot_drink,true
passages_train_2643,sw,hawezi kunywa siku 5,ds_cannot_drink,true
passages_train_2644,en,headache / no fitts since yesterday,pain,true
passages_train_2645,en,child: abdominal pain x2 days,pain,true
passages_train_2646,sw,Homa wiki moja,fever,true
passages_train_2647,sw,tutarudi wiki ijayo kwa ziara,,true
passages_train_2648,mix,The boy: si dhaifu since yesterday,weakness,true
passages_train_2649,mix,msichana: anaharisha,diarrhoea,true
passages_train_2650,sw,anaharisha kwa siku tatu,diarrhoea,true
passages_train_2651,en,children are at school,,true
passages_train_2652,en,baby vomits everything + abdominal pain for 1 week,ds_vomits_everything;pain;vomiting,true
passages_train_2653,sw,jirani: hawezi kunywa + kuharisha siku 2,diarrhoea;ds_cannot_drink,true
passages_train_2654,mix,Amani: has fever,fever,true
passages_train_2655,sw,hana nguvu kwa siku tano,weakness,true
passages_train_2656,sw,msichana: kikohozi kikali + anatapika kila anachokunywa,cough;ds_vomits_everything;vomiting,true
passages_train_2657,sw,kifafa haaharisha,diarrhoea;ds_convulsions,true
passages_train_2658,sw,Amani alipata degedege kwa siku moja,ds_convulsions,true
passages_train_2659,mix,msichana: homa siku mbili,fever,true
passages_train_2660,sw,nimepita kwa nyumba ya jiirani,,true
passages_train_2661,sw,mtoto wake: ananyonya vizuri,,true
passages_train_2662,mix,not wek,weakness,true
passages_train_2663,mix,hanyonyi,ds_cannot_drink,true
passages_train_2664,mix,Maumivu for 1 week,pain,true
passages_train_2665,sw,mtoto wa Nor: kichwa kinauma,pain,true
passages_train_2666,en,the child: fits,ds_convulsions,true
passages_train_2667,sw,msichana amelegea siku 2,ds_lethargic,true
passages_train_2668,mix,tumbo linauma,pain,true
passages_train_2669,en,Amani: breastfeeding well,,true
passages_train_2670,sw,Bila homa,fever,true
passages_train_2671,sw,ana kikohozi,cough,true
passages_train_2672,mix,the girl: kukohoa sana siku tatu,cough,true
passages_train_2673,sw,nimepita kwa nyumba ya jirani,,true
passages_train_2674,sw,Anaharisha,diarrhoea,true
passages_train_2675,sw,aHtapiki tangu jana,vomiting,true
passages_train_2676,en,cough since yesterday,cough,true
passages_train_2677,en,Amani: cannot drink,ds_cannot_drink,true
passages_train_2678,mix,baba anaendesha,diarrhoea,true
passages_train_2679,mix,homa,fever,true
passages_train_2680,en,the boy bad cough,cough,true
passages_train_2681,sw,anaharisha,diarrhoea,true
passages_train_2682,sw,Mtoto wake: hana nguvu,weakness,true
passages_train_2683,sw,choo cha maji wiki moja,diarrhoea,true
passages_train_2684,sw,Amani dhaifu,weakness,true
passages_train_2685,sw,Dhaifu,weakness,true
passages_train_2686,mix,Amani: weak,weakness,true
passages_train_2687,mix,the boy anaugua homa since yesterday,fever,true
passages_train_2688,sw,mtoto si dhaifu joto jingi mwilini,fever;weakness,true
passages_train_2689,mix,the child amelegea,ds_lethargic,true
passages_train_2690,mix,mtoto wake hajitambui,ds_lethargic,true
passages_train_2691,en,the boy: very weak,weakness,true
passages_train_2692,sw,Amani mwili una joto kwa siku nne,fever,true
passages_train_2693,mix,neighbour: kuhara,diarrhoea,true
passages_train_2694,sw,bibi: kichwa kinauma kwa siku mbili,pain,true
passages_train_2695,sw,leo mvua imenyesha sana,,true
passages_train_2696,mix,hajitambui,ds_lethargic,true
passages_train_2697,en,diarrhea for 2 days,diarrhoea,true
passages_train_2698,en,Denies pain for 2 days,pain,true
passages_train_2699,sw,Mtoto wake ana degedege,ds_convulsions,true
passages_train_2700,mix,mtoto wake: amelegea 1 days,ds_lethargic,true
passages_train_2701,sw,mtoto wake: kichwa kinauma,pain,true
passages_train_2702,sw,mvluana: homa kali,fever,true
passages_train_2703,sw,watoto wako shuleni,,true
passages_train_2704,sw,mwili ulikuwa unatetemeka,ds_convulsions,true
passages_train_2705,mix,kifafa kwa siku mbili,ds_convulsions,true
passages_train_2706,en,fever,fever,true
passages_train_2707,sw,mvulana: amelegea,ds_lethargic,true
passages_train_2708,sw,mtoto wake kifafa kwa siku moja,ds_convulsions,true
passages_train_2709,mix,Anaharisha siku tatu,diarrhoea,true
passages_train_2710,mix,Running stomach,diarrhoea,true
passages_train_2711,sw,mtoto wa Noor anacheza vizuri,,true
passages_train_2712,sw,mtoto wake: anaharisha,diarrhoea,true
passages_train_2713,sw,Amani: kifafa,ds_convulsions,true
passages_train_2714,mix,no vomiting,vomiting,true
passages_train_2715,sw,maumivu ya kichwa siku nne,pain,true
passages_train_2716,sw,Amani: hana kikohozi,cough,true
passages_train_2717,mix,diarrhea siku 1,diarrhoea,true
passages_train_2718,sw,Mtoto kutapika,vomiting,true
passages_train_2719,en,convulsions x2 days,ds_convulsions,true
passages_train_2720,mix,amelegea x5 days,ds_lethargic,true
passages_train_2721,mix,mtoto no fever,fever,true
passages_train_2722,sw,mvulana: ana kikohozi,cough,true
passages_train_2723,en,vomiting,vomiting,true
passages_train_2724,en,stomach pain,pain,true
passages_train_2725,sw,hawezi kuamka siku nne,ds_lethargic,true
passages_train_2726,mix,baby running stomach,diarrhoea,true
passages_train_2727,mix,abdominal pain kwa siku nne,pain,true
passages_train_2728,sw,mtoto: hajatapika tangu jana,vomiting,true
passages_train_2729,mix,running stomach,diarrhoea,true
passages_train_2730,sw,msichana anatapika kila anachokunywa,ds_vomits_everything;vomiting,true
passages_train_2731,sw,msichana: kikohozi tangu juzi,cough,true
passages_train_2732,en,Amani: not vomiting for 2 days,vomiting,true
passages_train_2733,sw,nyumba ina maji safi,,true
passages_train_2734,en,Cough,cough,true
passages_train_2735,en,no cuogh,cough,true
passages_train_2736,en,child no diarrhoea,diarrhoea,true
passages_train_2737,mix,the boy: kikohozi,cough,true
passages_train_2738,en,bad cough for 3 days,cough,true
passages_train_2739,sw,mvulana anakohoa anaugua homa,cough;fever,true
passages_train_2740,sw,usingizi mzito,ds_lethargic,true
passages_train_2741,mix,Ana kikoohozi,cough,true
passages_train_2742,en,pain,pain,true
passages_train_2743,mix,hanyonyi for 1 week,ds_cannot_drink,true
passages_train_2744,mix,degedege for 3 daays,ds_convulsions,true
passages_train_2745,sw,mama anauza maziwa sokoni,,true
passages_train_2746,sw,Amani anatapika wiki moja,vomiting,true
passages_train_2747,mix,kuharisha,diarrhoea,true
passages_train_2748,mix,mtoto wa Noor: hakohoi kwa siku nne,cough,true
passages_train_2749,en,diarrhea 2 days,diarrhoea,true
passages_train_2750,en,Cannot drink,ds_cannot_drink,true
passages_train_2751,sw,barabara ni mbaya baada ya mvua,,true
passages_train_2752,mix,convulsions throwing up 3 adys,ds_convulsions;vomiting,true
passages_train_2753,sw,tutarudi wiki ijayo kwa ziara,,true
passages_train_2754,sw,anacheza vizuri / alipata degedege siku moja,ds_convulsions,true
passages_train_2755,en,visited the household this morning,,true
passages_train_2756,sw,mtoto wake: anaendesha siku 5,diarrhoea,true
passages_train_2757,sw,Msichana: homa kali wiki moja,fever,true
passages_train_2758,sw,mtoto: maumivu + hakuwa na degedege,pain,true
passages_train_2759,en,does not havve fever,fever,true
passages_train_2760,en,unable to breastfeed,ds_cannot_drink,true
passages_train_2761,en,neighbour vomits everything for 1 week,ds_vomits_everything;vomiting,true
passages_train_2762,sw,mtoto wa Noor kikoohzi kikali tangu jana,cough,true
passages_train_2763,mix,Kikohozi kikali wiki moja,cough,true
passages_train_2764,sw,mtoto wake: kila anachokula anatapika siku 1,ds_vomits_everything;vomiting,true
passages_train_2765,mix,choo cha maji / hana homa wiki moja,diarrhoea;fever,true
passages_train_2766,en,water point is far,,true
passages_train_2767,en,no enegy x5 days,weakness,true
passages_train_2768,sw,Mtoto wa noor hatapiki kwa siku mbili,vomiting,true
passages_train_2769,mix,kuhara kwa siku nne,diarrhoea,true
passages_train_2770,mix,Amani bad cough,cough,true
passages_train_2771,sw,mtoto ana degedege,ds_convulsions,true
passages_train_2772,en,throws up everything,ds_vomits_everything;vomiting,true
passages_train_2773,en,the child vomiting everything 4 days,ds_vomits_everything;vomiting,true
passages_train_2774,en,The girl no fits,,true
passages_train_2775,sw,mtoto: anatapika tangu juzi,vomiting,true
passages_train_2776,mix,ametapika wiki moja,vomiting,true
passages_train_2777,sw,msichana amezimia / anakunywa vizuri siku 2,ds_lethargic,true
passages_train_2778,en,abdominal pain,pain,true
passages_train_2779,sw,Mtoto wake: si dhaifu,weakness,true
passages_train_2780,en,The child weak,weakness,true
passages_train_2781,en,the boy throwing up 1 days,vomiting,true
passages_train_2782,en,Had convulsions,ds_convulsions,true
passages_train_2783,en,no diarrhoea for 1 week,diarrhoea,true
passages_train_2784,en,child: diarrhea 1 days,diarrhoea,true
passages_train_2785,en,Amani: vomited,vomiting,true
passages_train_2786,sw,mvulana: alipata degedege + amechoka sana,ds_convulsions;weakness,true
passages_train_2787,sw,msichana anatapika kila kitu kwa siku tano,ds_vomits_everything;vomiting,true
passages_train_2788,sw,mtoto: tumbo haliumi siku nne,pain,true
passages_train_2789,mix,mvulana vomiting everything for 2 days,ds_vomits_everything;vomiting,true
passages_train_2790,en,family grows coffee and maize,,true
passages_train_2791,sw,mtoto: kichwa kinauma kwa siku moja,pain,true
passages_train_2792,en,the child no fits,,true
passages_train_2793,en,The child: throwing up,vomiting,true
passages_train_2794,sw,mvulana: anatapika kila anachokunywa siku moja,ds_vomits_everything;vomiting,true
passages_train_2795,en,unable to breastfeed + not vomiting,ds_cannot_drink;vomiting,true
passages_train_2796,mix,Drinking well x5 days,,true
passages_train_2797,mix,Hakunywa chochote / ana degedege tangu jana,ds_cannot_drink;ds_convulsions,true
passages_train_2798,sw,mtoto waake: hawezi kunyonya + anatapika kila anachokunywa siku 3,ds_cannot_drink;ds_vomits_everything;vomiting,true
passages_train_2799,sw,degedege joto jingi mwilini,ds_convulsions;fever,true
passages_train_2800,en,vomiting,vomiting,true
passages_train_2801,mix,mama yake hanyonyi for 1 wek,ds_cannot_drink,true
passages_train_2802,sw,msichana maumivu ya tumbo siku mbili,pain,true
passages_train_2803,sw,mtoto wa Noor hana nguvu siku nne,weakness,true
passages_train_2804,en,child: vomiting everything,ds_vomits_everything;vomiting,true
passages_train_2805,mix,mtoto wake coughing,cough,true
passages_train_2806,mix,coughing,cough,true
passages_train_2807,sw,haharishi tangu juzi,diarrhoea,true
passages_train_2808,sw,Amani: hakunya chochote,ds_cannot_drink,true
passages_train_2809,mix,the boy stomach pain,pain,true
passages_train_2810,en,Vomits everything,ds_vomits_everything;vomiting,true
passages_train_2811,sw,Maumivu anatapika kila kitu,ds_vomits_everything;pain;vomiting,true
passages_train_2812,mix,Msichana: hard to wake wiki moja,ds_lethargic,true
passages_train_2813,sw,dhaifu tangu juzi,weakness,true
passages_train_2814,sw,barabara ni mbaya baada ya mvua,,true
passages_train_2815,sw,anaharisha + anaugua homa,diarrhoea;fever,true
passages_train_2816,sw,Amani hawezi kunywa ana kikohozi tangu juzi,cough;ds_cannot_drink,true
passages_train_2817,mix,Kila anachokula anatapika since yesterday,ds_vomits_everything;vomiting,true
passages_train_2818,en,The mother vomits everything for 4 days,ds_vomits_everything;vomiting,true
passages_train_2819,sw,mtoto wake: kutapika mara moja,vomiting,true
passages_train_2820,sw,anaendesha + maumivu ya kichwa,diarrhoea;pain,true
passages_train_2821,sw,hakohoi hana nguvu,cough;weakness,true
passages_train_2822,en,Hard to wake 2 days,ds_lethargic,true
passages_train_2823,mix,mtoto si dhaifu 1 days,weakness,true
passages_train_2824,sw,Kutapika,vomiting,true
passages_train_2825,en,Amani has fever + vomiting everything,ds_vomits_everything;fever;vomiting,true
passages_train_2826,en,Child: stomach pain,pain,true
passages_train_2827,sw,anatapika tangu jana,vomiting,true
passages_train_2828,en,throwing up for 2 days,vomiting,true
passages_train_2829,en,hard to wake,ds_lethargic,true
passages_train_2830,mix,Amani lethargic for 5 days,ds_lethargic,true
passages_train_2831,sw,mtoto: anatapika kila anachokunywa tangu juzi,ds_vomits_everything;vomiting,true
passages_train_2832,sw,maumivu ya tumbo tangu juzi,pain,true
passages_train_2833,sw,hawezi kunyonya mnyonge siku moja,ds_cannot_drink;weakness,true
passages_train_2834,en,discussed the vaccination card,,true
passages_train_2835,mix,Hakuwa na degedege,,true
passages_train_2836,en,child very sleepy can drink,ds_lethargic,true
passages_train_2837,mix,throwing up kwa siku mbili,vomiting,true
passages_train_2838,sw,Anaharisha,diarrhoea,true
passages_train_2839,sw,Mtoto wa noor: hakunywa chochote,ds_cannot_drink,true
passages_train_2840,sw,kila anachokula anatapika tangu jana,ds_vomits_everything;vomiting,true
passages_train_2841,mix,ana hooma siku mbili,fever,true
passages_train_2842,en,discussed the vaccination card,,true
passages_train_2843,sw,tutarudi wiki ijayo kwa ziara,,true
passages_train_2844,en,Headache since yesterday,pain,true
passages_train_2845,sw,joto jingi mwilini tangu jana,fever,true
passages_train_2846,mix,Amani no energy siku tatu,weakness,true
passages_train_2847,sw,nimepita kwa nyumba ya jirani,,true
passages_train_2848,sw,Mvulana: amechoka sana kwa siku nne,weakness,true
passages_train_2849,en,Vomits everything x1 days,ds_vomits_everything;vomiting,true
passages_train_2850,mix,convulsions + anaweza kunywa,ds_convulsions,true
passages_train_2851,sw,maumivu siku 3,pain,true
passages_train_2852,mix,baby: hajatapika for 5 days,vomiting,true
passages_train_2853,sw,jirani amechoka sana,weakness,true
passages_train_2854,mix,maumivu ya kichwa,pain,true
passages_train_2855,mix,Breeastfeeding well,,true
passages_train_2856,sw,Kila anachokula anatapika tangu juzi,ds_vomits_everything;vomiting,true
passages_train_2857,en,denies pain,pain,true
passages_train_2858,sw,Msichana maumivu ya kichwa siku 2,pain,true
passages_train_2859,sw,msichana: mwili una joto,fever,true
passages_train_2860,sw,kuhara tangu juzi,diarrhoea,true
passages_train_2861,en,the road was mudy,,true
passages_train_2862,sw,mtoto: mwili ulikuwa unatetemeka,ds_convulsions,true
passages_train_2863,sw,familia ina shamba la mahindi,,true
passages_train_2864,mix,the girl: not able to drink,ds_cannot_drink,true
passages_train_2865,sw,amekataa kunyonya wiki moja,ds_cannot_drink,true
passages_train_2866,sw,mwili una joto wiki moja,fever,true
passages_train_2867,sw,nimepita kwa nyumba ya jirani,,true
passages_train_2868,mix,the child hoa kali,fever,true
passages_train_2869,mix,the girl: very weak for 5 days,weakness,true
passages_train_2870,sw,Mvulana: kutapika,vomiting,true
passages_train_2871,en,has fever / unable to drink,ds_cannot_drink;fever,true
passages_train_2872,mix,chiild: not weak siku tatu,weakness,true
passages_train_2873,en,child diarrhoea + cough,cough;diarrhoea,true
passages_train_2874,sw,watoto wako shuleni,,true
passages_train_2875,sw,barabara ni mbaya baada ya mvua,,true
passages_train_2876,sw,Kutapika siku moja,vomiting,true
passages_train_2877,sw,watoto wako shuelni,,true
passages_train_2878,en,diarrhoea for 2 days,diarrhoea,true
passages_train_2879,en,weak 1 days,weakness,true
passages_train_2880,mix,diarrhea,diarrhoea,true
passages_train_2881,sw,choo cha maji tangu juzi,diarrhoea,true
passages_train_2882,sw,hawezi kunyonya / kila anachokula anatapika tangu juzi,ds_cannot_drink;ds_vomits_everything;vomiting,true
passages_train_2883,sw,tulizungumza kuhusu kahawa,,true
passages_train_2884,sw,hakohoi tangu juzi,cough,true
passages_train_2885,mix,joto jingi mwilini,fever,true
passages_train_2886,sw,amechoka sana,weakness,true
passages_train_2887,sw,yuko macho siku mbili,,true
passages_train_2888,sw,si dhaifu / mwili ulikuwa unatetemeka kwa siku tatu,ds_convulsions;weakness,true
passages_train_2889,en,Throws up everything for 4 days,ds_vomits_everything;vomiting,true
passages_train_2890,sw,Mtoto wake: choo cha maji tangu jana,diarrhoea,true
passages_train_2891,sw,amechoka sana tangu jana,weakness,true
passages_train_2892,sw,Amekataa kunynya,ds_cannot_drink,true
passages_train_2893,en,coffee price went up,,true
passages_train_2894,sw,Mtoto wa noor: anatapika kila kitu hawezi kunyonya siku 4,ds_cannot_drink;ds_vomits_everything;vomiting,true
passages_train_2895,sw,anaweza kunywa,,true
passages_train_2896,sw,mwili ulikuwa unatetemeka + choo cha maji,diarrhoea;ds_convulsions,true
passages_train_2897,sw,mama anauza maziwa sokoni,,true
passages_train_2898,en,child: fever,fever,true
passages_train_2899,en,coughing since yesterday,cough,true
passages_train_2900,en,bad cough,cough,true
passages_train_2901,en,Fits,ds_convulsions,true
passages_train_2902,sw,Amani amechoka sana siku nne,weakness,true
passages_train_2903,sw,Amani mwili ulikuwa unatetemeka tangu juzi,ds_convulsions,true
passages_train_2904,en,vomits everything for 1 week,ds_vomits_everything;vomiting,true
passages_train_2905,sw,mtoto wake: ana homa,fever,true
passages_train_2906,sw,tutarudi wiki ijayo kwa ziara,,true
passages_train_2907,mix,Amani stomach pain,pain,true
passages_train_2908,sw,Mvulana homa kaali,fever,true
passages_train_2909,sw,tutarudi wiki ijayo kwa ziara,,true
passages_train_2910,mix,the mother ana degedege,ds_convulsions,true
passages_train_2911,en,dairrhea,diarrhoea,true
passages_train_2912,sw,Hana nguvu wiki moja,weakness,true
passages_train_2913,sw,homa,fever,true
passages_train_2914,sw,watoto wako shuleni,,true
passages_train_2915,en,not coughing,cough,true
passages_train_2916,sw,mtoto wake: anakoohoa,cough,true
passages_train_2917,mix,convulsions 1 days,ds_convulsions,true
passages_train_2918,en,not able to drink for 3 days,ds_cannot_drink,true
passages_train_2919,sw,msichana: kichwa kinauma,pain,true
passages_train_2920,mix,The boy: anaugua homa x1 days,fever,true
passages_train_2921,sw,Hakohoi siku tatu,cough,true
passages_train_2922,en,stomach pain,pain,true
passages_train_2923,sw,mvulana: amekataa kunyonya siku 3,ds_cannot_drink,true
passages_train_2924,en,child: diarrhea 5 days,diarrhoea,true
passages_train_2925,sw,Mvulana kichwa kinauma + ametaapika,pain;vomiting,true
passages_train_2926,en,ruotine household visit,,true
passages_train_2927,sw,kila anaachokula anatapika tangu juzi,ds_vomits_everything;vomiting,true
passages_train_2928,mix,mtoto kukohoa sana since yesterday,cough,true
passages_train_2929,en,throwing up x1 days,vomiting,true
passages_train_2930,en,family grows coffee and maize,,true
passages_train_2931,sw,mvulana: hawezi kuamka,ds_lethargic,true
passages_train_2932,en,stomach pain,pain,true
passages_train_2933,sw,tutarudi wiki ijayo kwa ziara,,true
passages_train_2934,sw,hakunywa chochote / hajtaapika siku 2,ds_cannot_drink;vomiting,true
passages_train_2935,mix,Amani: maumivu ya kichwa,pain,true
passages_train_2936,sw,mtoto wa Noor kuharisha,diarrhoea,true
passages_train_2937,en,No fever,fever,true
passages_train_2938,sw,hakuna homa,fever,true
passages_train_2939,sw,hajatapika,vomiting,true
passages_train_2940,sw,tutarudi wiki ijayo kwa ziara,,true
passages_train_2941,sw,hakohoi,cough,true
passages_train_2942,en,the child had convulsions 2 days,ds_convulsions,true
passages_train_2943,sw,mtoto: anatapika kila kitu,ds_vomits_everything;vomiting,true
passages_train_2944,sw,mnyonge,weakness,true
passages_train_2945,en,weak for 3 days,weakness,true
passages_train_2946,mix,mtoto wake anaendesha,diarrhoea,true
passages_train_2947,sw,amechoka sana,weakness,true
passages_train_2948,sw,nyumba ina maji safi,,true
passages_train_2949,sw,mama anauza maziwa sokooni,,true
passages_train_2950,sw,mtoto: muamivu,pain,true
passages_train_2951,en,the child: unable to breastfeed,ds_cannot_drink,true
passages_train_2952,en,pain throws up everything,ds_vomits_everything;pain;vomiting,true
passages_train_2953,en,Amani: bad cough,cough,true
passages_train_2954,sw,Msichana: anaharisha,diarrhoea,true
passages_train_2955,sw,Amni si dhaifu,weakness,true
passages_train_2956,sw,hakuwa na degedege tangu juzi,,true
passages_train_2957,sw,bibi: hana kuhara tangu jana,diarrhoea,true
passages_train_2958,sw,nyumba ina maji safi,,true
passages_train_2959,sw,mtoto: si dhaifu,weakness,true
passages_train_2960,sw,tulizungumza kuhusu kahawa,,true
passages_train_2961,sw,hakuwa na degedege,,true
passages_train_2962,en,not able to drink,ds_cannot_drink,true
passages_train_2963,sw,kichwa kinauma,pain,true
passages_train_2964,sw,yuko macho,,true
passages_train_2965,sw,watoto wako shuleni,,true
passages_train_2966,en,the boy throws up everything,ds_vomits_everything;vomiting,true
passages_train_2967,mix,haharishi / unable to drink,diarrhoea;ds_cannot_drink,true
passages_train_2968,sw,tumbo linauma,pain,true
passages_train_2969,mix,mtoto wa Noor no convulsions / bad cough,cough,true
passages_train_2970,en,The girl: diarrhoea,diarrhoea,true
passages_train_2971,sw,mtoto wake si dhaifu,weakness,true
passages_train_2972,sw,jirani: anatapika kila anachokunywa,ds_vomits_everything;vomiting,true
passages_train_2973,mix,maumivu ya kichwa,pain,true
passages_train_2974,mix,No apin,pain,true
passages_train_2975,mix,very weak siku 5,weakness,true
passages_train_2976,sw,Kuharisha siku 2,diarrhoea,true
passages_train_2977,sw,anaugua homma,fever,true
passages_train_2978,sw,amekataa kunyonya,ds_cannot_drink,true
passages_train_2979,sw,anatapika tangu juzi,vomiting,true
passages_train_2980,sw,msichana kukohoa sana,cough,true
passages_train_2981,sw,amechoka sana wiki moja,weakness,true
passages_train_2982,mix,the child: amezimia 5 days,ds_lethargic,true
passages_train_2983,sw,joto jingi mwilini / tumbo haliumi,fever;pain,true
passages_train_2984,sw,kila anachokula anatapika tngu jana,ds_vomits_everything;vomiting,true
passages_train_2985,sw,msichana kikohozi kikali siku 4,cough,true
passages_train_2986,mix,Vomits everything hard to wake siku mbili,ds_lethargic;ds_vomits_everything;vomiting,true
passages_train_2987,sw,maumivu ya kichwa,pain,true
passages_train_2988,sw,maumivu,pain,true
passages_train_2989,en,very weak since yesterday,weakness,true
passages_train_2990,en,the road was muddy,,true
passages_train_2991,en,baby fits + no cough,cough;ds_convulsions,true
passages_train_2992,en,the child running stomach,diarrhoea,true
passages_train_2993,sw,Amani: tumbo haliumi,pain,true
passages_train_2994,mix,kuharisha,diarrhoea,true
passages_train_2995,mix,Hakuna homa since yeterday,fever,true
passages_train_2996,en,Amani: stomach pain,pain,true
passages_train_2997,sw,mtoto: tumbo linauma,pain,true
passages_train_2998,mix,Amani: hakuwa na degedege siku nne,,true
passages_train_2999,sw,Amechoka sana,weakness,true
passages_train_3000,mix,ametapika tangu jana,vomiting,true
passages_train_3001,en,discussed the vaccination card,,true
passages_train_3002,sw,hanyonyi,ds_cannot_drink,true
passages_train_3003,sw,mtoto tumbo linauma + kila anachokula anatapika,ds_vomits_everything;pain;vomiting,true
passages_train_3004,sw,msichana anaugua homa kwa siku tano,fever,true
passages_train_3005,en,Child: had convulsions no fever,ds_convulsions;fever,true
passages_train_3006,mix,The girl not coughiing,cough,true
passages_train_3007,en,no cough no pain since yesterday,cough;pain,true
passages_train_3008,sw,Hawezi kuamka,ds_lethargic,true
passages_train_3009,sw,mvulana: chhoo cha maji,diarrhoea,true
passages_train_3010,mix,vomits everything kwa siku tatu,ds_vomits_everything;vomiting,true
passages_train_3011,en,running stomach for 1 week,diarrhoea,true
passages_train_3012,mix,High fever,fever,true
passages_train_3013,sw,mwili una joto,fever,true
passages_train_3014,sw,Mtoto wa noor: kikohozi tangu juzi,cough,true
passages_train_3015,mix,Motto wa noor vomiting everything,ds_vomits_everything;vomiting,true
passages_train_3016,sw,mtoto wa Noor: ana kikohozi mnyonge,cough;weakness,true
passages_train_3017,sw,familia ina shamba la mahindi,,true
passages_train_3018,en,child very waek,weakness,true
passages_train_3019,en,The child: has fever x1 days,fever,true
passages_train_3020,mix,hakkunywa chochote 4 days,ds_cannot_drink,true
passages_train_3021,en,the child running stomach,diarrhoea,true
passages_train_3022,mix,baby ana kikohozi + convulsions for 2 days,cough;ds_convulsions,true
passages_train_3023,mix,mtoto wa Noor not able to drink for 4 days,ds_cannot_drink,true
passages_train_3024,en,no convulsions,,true
passages_train_3025,sw,mtoto wake: anakohoa wiki moja,cough,true
passages_train_3026,sw,mtoto wake: kutapika mara moja tangu juzi,vomiting,true
passages_train_3027,mix,the girl anatapika kila kitu for 4 days,ds_vomits_everything;vomiting,true
passages_train_3028,en,the girl coughing for 5 dys,cough,true
passages_train_3029,en,the child throws up everything / denies pain,ds_vomits_everything;pain;vomiting,true
passages_train_3030,mix,baby kutapika,vomiting,true
passages_train_3031,sw,Msichana: ana kikohozi,cough,true
passages_train_3032,sw,familia ina shamba la mahindi,,true
passages_train_3033,en,child: hard to wake,ds_lethargic,true
passages_train_3034,mix,Mtoto wake usingizi mzito 1 days,ds_lethargic,true
passages_train_3035,sw,tutarudi wiki ijayo kwa ziara,,true
passages_train_3036,sw,hawezi kunywa siku 1,ds_cannot_drink,true
passages_train_3037,sw,Mtoto wa noor: maumivu ya kichwa siku nne,pain,true
passages_train_3038,sw,leo mvua imenyesha sana,,true
passages_train_3039,sw,wamepanda maharagwe,,true
passages_train_3040,sw,nimepita kwa nyumba ya jirani,,true
passages_train_3041,sw,hana hmoa,fever,true
passages_train_3042,sw,anatapika kila anachokunywa,ds_vomits_everything;vomiting,true
passages_train_3043,mix,Neighbour vomiting everything since yesterday,ds_vomits_everything;vomiting,true
passages_train_3044,sw,familia ina shamba la mahindi,,true
passages_train_3045,sw,mtoto wa Noor: maumivu ya kichwa,pain,true
passages_train_3046,sw,homa kali siku mbili,fever,true
passages_train_3047,sw,hakuwa na degedege,,true
passages_train_3048,en,Pain no vomiting,pain;vomiting,true
passages_train_3049,sw,Amani: amelegea tangu jana,ds_lethargic,true
passages_train_3050,mix,Amani: mwili una joto for 1 days,fever,true
passages_train_3051,mix,mvulana mwili ulikuwa unatetemeka,ds_convulsions,true
passages_train_3052,mix,No convulsions,,true
passages_train_3053,sw,kichwa kinauma,pain,true
passages_train_3054,sw,barabara ni mbaya baada ya mvua,,true
passages_train_3055,en,uncnoscious,ds_lethargic,true
passages_train_3056,sw,amelegea,ds_lethargic,true
passages_train_3057,en,lethargic for 3 days,ds_lethargic,true
passages_train_3058,sw,homa kali kwa siku nne,fever,true
passages_train_3059,sw,anatapika kila anachokunywa + hakuwa na degedege,ds_vomits_everything;vomiting,true
passages_train_3060,mix,yko macho,,true
passages_train_3061,mix,kutapika for 1 week,vomiting,true
passages_train_3062,en,not waek,weakness,true
passages_train_3063,sw,tutarudi wiki ijayo kwa ziara,,true
passages_train_3064,sw,hajitambbui,ds_lethargic,true
passages_train_3065,sw,Amani kichwa kinauma,pain,true
passages_train_3066,mix,Mvulana: hajaharisha,diarrhoea,true
passages_train_3067,mix,Amani: hawezi kunywa,ds_cannot_drink,true
passages_train_3068,mix,Kikohozi,cough,true
passages_train_3069,mix,the boy vomits everything siku moja,ds_vomits_everything;vomiting,true
passages_train_3070,sw,Amani dhaifu,weakness,true
passages_train_3071,sw,mtoto wake hawezi kunywa wiki moja,ds_cannot_drink,true
passages_train_3072,mix,jirani amelegea + degedege tangu juzi,ds_convulsions;ds_lethargic,true
passages_train_3073,sw,nimepita kwa nyumba ya jirani,,true
passages_train_3074,en,Pain 5 days,pain,true
passages_train_3075,en,child cannot drink 3 days,ds_cannot_drink,true
passages_train_3076,mix,tumbo haliumi,pain,true
passages_train_3077,en,coughing for 4 days,cough,true
passages_train_3078,sw,maumivu ya tumo,pain,true
passages_train_3079,mix,kutapika tangu jana,vomiting,true
passages_train_3080,en,neighbour very weak / not vomiting,vomiting;weakness,true
passages_train_3081,en,child vomits everything since yesterday,ds_vomits_everything;vomiting,true
passages_train_3082,en,Child no vomiting,vomiting,true
passages_train_3083,sw,tMoto wake: hakuwa na degedege,,true
passages_train_3084,sw,mama anauza maziwa sokoni,,true
passages_train_3085,sw,Kichwa kinauma / ametapika wiki moja,pain;vomiting,true
passages_train_3086,sw,bila homa,fever,true
passages_train_3087,en,family grows coffee and maize,,true
passages_train_3088,mix,anacheza vizuri,,true
passages_train_3089,mix,grandmother anatapika kila kitu wiki moja,ds_vomits_everything;vomiting,true
passages_train_3090,en,the boy pain 5 days,pain,true
passages_train_3091,sw,anatapika kila kitu,ds_vomits_everything;vomiting,true
passages_train_3092,sw,Degedege tangu jana,ds_convulsions,true
passages_train_3093,mix,Baby kuharisha + has fever,diarrhoea;fever,true
passages_train_3094,sw,mtoto yuko macho,,true
passages_train_3095,sw,ana degedege,ds_convulsions,true
passages_train_3096,sw,Anatapika kila kitu,ds_vomits_everything;vomiting,true
passages_train_3097,sw,tumbo haliumi,pain,true
passages_train_3098,mix,the girl: vomits everything,ds_vomits_everything;vomiting,true
passages_train_3099,sw,kila anachokula anatapika wiki moja,ds_vomits_everything;vomiting,true
passages_train_3100,sw,mama maumivu ya kichwa,pain,true
passages_train_3101,mix,Tumbo haliumi tangu jana,pain,true
passages_train_3102,sw,mtoto wake: kuharisha siku 3,diarrhoea,true
passages_train_3103,sw,Mtoto wake amechoka sana + anatapika kila anachokunywa,ds_vomits_everything;vomiting;weakness,true
passages_train_3104,en,Baby: throws up everythnig,ds_vomits_everything;vomiting,true
passages_train_3105,sw,Mtoto wa noor: mwili ulikuwa unatetemeka siku 3,ds_convulsions,true
passages_train_3106,sw,mAani anaharisha,diarrhoea,true
passages_train_3107,en,Had convulsions,ds_convulsions,true
passages_train_3108,en,pin since yesterday,pain,true
passages_train_3109,sw,mtoto kila anachokula anatapika,ds_vomits_everything;vomiting,true
passages_train_3110,sw,usingizi mzito,ds_lethargic,true
passages_train_3111,sw,watoto wako shuleni,,true
passages_train_3112,en,no fever x2 days,fever,true
passages_train_3113,en,child: fits,ds_convulsions,true
passages_train_3114,sw,amelegea,ds_lethargic,true
passages_train_3115,en,the child vomiting,vomiting,true
passages_train_3116,sw,Ammani: yuko macho tangu juzi,,true
passages_train_3117,sw,anaendesha,diarrhoea,true
passages_train_3118,sw,Mvulana usingizi mzito + dhaifu siku 1,ds_lethargic;weakness,true
passages_train_3119,mix,anaatpika,vomiting,true
passages_train_3120,en,The child: convulsions for 4 das,ds_convulsions,true
passages_train_3121,sw,kila anachokula anatapika tangu juzi,ds_vomits_everything;vomiting,true
passages_train_3122,mix,The girl no diarrhea,diarrhoea,true
passages_train_3123,sw,mtoto wake kutapika tangu jana,vomiting,true
passages_train_3124,sw,Mtoto kutapika mara moja tangu juzi,vomiting,true
passages_train_3125,en,the boy pain since yesterday,pain,true
passages_train_3126,sw,mtoto wake: anaendesha siku 4,diarrhoea,true
passages_train_3127,sw,choo cha maji / ana kikohozi,cough;diarrhoea,true
passages_train_3128,sw,Mtoto kukohoa sana tangu jana,cough,true
passages_train_3129,sw,Amelegea,ds_lethargic,true
passages_train_3130,sw,tutarudi wiki ijayo kwa ziara,,true
passages_train_3131,sw,nyumba ina maji safi,,true
passages_train_3132,sw,mtoto: tumbo haliumi anatapika,pain;vomiting,true
passages_train_3133,en,convulsions for 1 week,ds_convulsions,true
passages_train_3134,sw,barabara ni mbaya baada ya mvua,,true
passages_train_3135,sw,Mtoto wa noor: aaweza kunywa,,true
passages_train_3136,mix,Cannot drink,ds_cannot_drink,true
passages_train_3137,en,Throwng up,vomiting,true
passages_train_3138,mix,no energy + unconscious,ds_lethargic;weakness,true
passages_train_3139,en,vomiting,vomiting,true
passages_train_3140,en,Amani: no cough,cough,true
passages_train_3141,mix,Amani: hawezi kunywa,ds_cannot_drink,true
passages_train_3142,sw,kuharisha,diarrhoea,true
passages_train_3143,sw,Mtoto wa noor: kutapika mara moja,vomiting,true
passages_train_3144,en,water point is far,,true
passages_train_3145,sw,msichana hajaharisha kwa siku tatu,diarrhoea,true
passages_train_3146,sw,maumivu ya tumbo / anaugua homa,fever;pain,true
passages_train_3147,en,Baby: not able to drink,ds_cannot_drink,true
passages_train_3148,sw,mtoto wa Noor: joto jingi mwilini,fever,true
passages_train_3149,en,Child: no convulsions,,true
passages_train_3150,en,Amani: vomiting 4 days,vomiting,true
passages_train_3151,sw,kila anachokula anatapika,ds_vomits_everything;vomiting,true
passages_train_3152,en,The boy: no energy for 1 week,weakness,true
passages_train_3153,en,pain for 5 dyas,pain,true
passages_train_3154,en,the child: weak,weakness,true
passages_train_3155,sw,jirani ana homa siku mbili,fever,true
passages_train_3156,sw,anatapika,vomiting,true
passages_train_3157,sw,Kichwa kinauma,pain,true
passages_train_3158,sw,barbaara ni mbaya baada ya mvua,,true
passages_train_3159,en,Amani: cannot drink x2 days,ds_cannot_drink,true
passages_train_3160,sw,leo mvua imenyesha sana,,true
passages_train_3161,en,children are at school,,true
passages_train_3162,en,follow up visit planned,,true
passages_train_3163,sw,tulizungumza kuhusu kahawa,,true
passages_train_3164,sw,hma,fever,true
passages_train_3165,sw,Mtoto kikohozi,cough,true
passages_train_3166,en,water poinnt is far,,true
passages_train_3167,sw,haawezi kuamka,ds_lethargic,true
passages_train_3168,mix,Anacheza vizuri siku 3,,true
passages_train_3169,sw,kila anachokula anatapika / hana mauimvu tangu jana,ds_vomits_everything;pain;vomiting,true
passages_train_3170,sw,tulizungumza kuhusu kahawa,,true
passages_train_3171,en,the bo: no cough since yesterday,cough,true
passages_train_3172,sw,hataapiki siku tano,vomiting,true
passages_train_3173,mix,Choo cha maji tangu jana,diarrhoea,true
passages_train_3174,sw,mama anauza maziwa sokoni,,true
passages_train_3175,mix,very sleepy,ds_lethargic,true
passages_train_3176,sw,msichana maumivu anaharisa siku 1,diarrhoea;pain,true
passages_train_3177,mix,Homa / kutapika mara moja,fever;vomiting,true
passages_train_3178,sw,mtoto homa kwa siku nne,fever,true
passages_train_3179,mix,Mtoto wake: anatapika kila anachokunywa hakunywa chochote x1 dayys,ds_cannot_drink;ds_vomits_everything;vomiting,true
passages_train_3180,sw,mtoto wa Noor: kila anachokula anatapika wiki moja,ds_vomits_everything;vomiting,true
passages_train_3181,en,follow up visit planned,,true
passages_train_3182,en,baby: not weak snice yesterday,weakness,true
passages_train_3183,mix,anatapika tangu jana,vomiting,true
passages_train_3184,en,visited the household this morning,,true
passages_train_3185,mix,vomited,vomiting,true
passages_train_3186,sw,Amani tumbo haliumi siku 1,pain,true
passages_train_3187,sw,ametapika kwa siku tano,vomiting,true
passages_train_3188,mix,Amani kikohozi kikali + vomiting,cough;vomiting,true
passages_train_3189,sw,kichwa kinauma tangu jana,pain,true
passages_train_3190,sw,Hakohoi sikku 2,cough,true
passages_train_3191,sw,mtoto: kukohoa sana tangu jana,cough,true
passages_train_3192,en,The child: bad cough,cough,true
passages_train_3193,en,the child: no energy 4 dys,weakness,true
passages_train_3194,en,baby vomiting everything for 1 week,ds_vomits_everything;vomiting,true
passages_train_3195,en,child fits for 1 week,ds_convulsions,true
passages_train_3196,sw,kichwa kinauma hakuwa na degedege,pain,true
passages_train_3197,en,Amani: coughing 5 days,cough,true
passages_train_3198,en,the road was muddy,,true
passages_train_3199,mix,Mama: deenies pain,pain,true
passages_train_3200,en,Headache,pain,true
passages_train_3201,mix,Amechoka sana,weakness,true
passages_train_3202,mix,playing normally x2 days,,true
passages_train_3203,sw,barabara ni mbaya badaa ya mvua,,true
passages_train_3204,en,Baby fits since yesterday,ds_convulsions,true
passages_train_3205,sw,homa kali tangu juuzi,fever,true
passages_train_3206,en,the child: no vomiting,vomiting,true
passages_train_3207,en,child: lethargic,ds_lethargic,true
passages_train_3208,sw,anatapika kila kitu sikku tano,ds_vomits_everything;vomiting,true
passages_train_3209,sw,Hana nguvu,weakness,true
passages_train_3210,sw,nimepita kwa nyumba ya jirani,,true
passages_train_3211,sw,mvulana amechoka sana,weakness,true
passages_train_3212,en,no diarrhoea,diarrhoea,true
passages_train_3213,sw,tulizungumza kuhusu kahawa,,true
passages_train_3214,en,water point is far,,true
passages_train_3215,sw,anaendesha,diarrhoea,true
passages_train_3216,mix,Not coughing,cough,true
passages_train_3217,mix,msichana: mnyonge / ametapika,vomiting;weakness,true
passages_train_3218,en,child: diarrhea,diarrhoea,true
passages_train_3219,sw,mtoto: maaumivu ya tumbo kwa siku tano,pain,true
passages_train_3220,sw,nyumba ina maji safi,,true
passages_train_3221,mix,coughing / vomiting everything,cough;ds_vomits_everything;vomiting,true
passages_train_3222,sw,kuharisha tangu juzi,diarrhoea,true
passages_train_3223,sw,hajitambui kwa siku moja,ds_lethargic,true
passages_train_3224,sw,degedege,ds_convulsions,true
passages_train_3225,sw,tutarudi wiki ijayo kwa ziara,,true
passages_train_3226,mix,hakunywa chochote tangu juzi,ds_cannot_drink,true
passages_train_3227,en,discussed the vaccination card,,true
passages_train_3228,mix,Mtoto wa noor vomiting everything no diarrhea,diarrhoea;ds_vomits_everything;vomiting,true
passages_train_3229,sw,nimepita kwa nyumba ya jirani,,true
passages_train_3230,mix,convulsions 5 days,ds_convulsions,true
passages_train_3231,mix,mtoto wake lethargic for 3 days,ds_lethargic,true
passages_train_3232,en,child high fever for 1 week,fever,true
passages_train_3233,sw,Homa kali tangu juzzi,fever,true
passages_train_3234,sw,nimepita kwa nyumba ya jirani,,true
passages_train_3235,sw,mtoto wa Noor kuhara isku nne,diarrhoea,true
passages_train_3236,sw,hawezi kunywa kwa siku mbili,ds_cannot_drink,true
passages_train_3237,sw,mtoto amezimia tangu jana,ds_lethargic,true
passages_train_3238,sw,leo mvua imenyesha sana,,true
passages_train_3239,sw,mtoto: hana nguvu,weakness,true
passages_train_3240,sw,mnyonge kichwa kinauuma,pain;weakness,true
passages_train_3241,sw,mtoto wake hakunywa chochote wiki moja,ds_cannot_drink,true
passages_train_3242,sw,mtoto wa Noor: ana degedege,ds_convulsions,true
passages_train_3243,sw,Hawezi kunywa,ds_cannot_drink,true
passages_train_3244,sw,Dhaifu,weakness,true
passages_train_3245,sw,si dhaifu,weakness,true
passages_train_3246,sw,Mama ametapika,vomiting,true
passages_train_3247,mix,jirani jotto jingi mwilini,fever,true
passages_train_3248,en,cough,cough,true
passages_train_3249,en,Amani unable to drink for 1 week,ds_cannot_drink,true
passages_train_3250,en,Amani: no pain,pain,true
passages_train_3251,en,pain for 4 days,pain,true
passages_train_3252,mix,the girl: abdominal pain / bad cough siku 1,cough;pain,true
passages_train_3253,sw,nyumba ina maji safi,,true
passages_train_3254,sw,anatapika kila anachokunywa wiki moja,ds_vomits_everything;vomiting,true
passages_train_3255,sw,Amani kutapka mara moja,vomiting,true
passages_train_3256,en,mother sells milk at the market,,true
passages_train_3257,en,The girl: running stomach since yesterday,diarrhoea,true
passages_train_3258,sw,barabara ni mbaya baada ya mvua,,true
passages_train_3259,en,convulsions,ds_convulsions,true
passages_train_3260,sw,Anayonya vizuri,,true
passages_train_3261,sw,Anatapika kila anachokunywa,ds_vomits_everything;vomiting,true
passages_train_3262,sw,homa,fever,true
passages_train_3263,sw,mtoto wa Noor kuhara kwa siku tano,diarrhoea,true
passages_train_3264,mix,Mama yake no convulsions / amechoka sana 3 days,weakness,true
passages_train_3265,en,Amani: throws up everything,ds_vomits_everything;vomiting,true
passages_train_3266,sw,mtoto wake kuharisha kwa siku moja,diarrhoea,true
passages_train_3267,mix,Kikohozi kwa siku tano,cough,true
passages_train_3268,sw,Mtoto wa noor: choo cha maji siku tatu,diarrhoea,true
passages_train_3269,en,Has fever since yesterday,fever,true
passages_train_3270,mix,hana nguvu siku tano,weakness,true
passages_train_3271,en,Pain for 5 days,pain,true
passages_train_3272,en,Child hard to wake,ds_lethargic,true
passages_train_3273,sw,Kutapika mara moja wiki moja,vomiting,true
passages_train_3274,mix,Amani anaharisha + maumivu ya tumbo,diarrhoea;pain,true
passages_train_3275,sw,mtoto wa Noor hakuwa na degedege,,true
passages_train_3276,en,child running stomach,diarrhoea,true
passages_train_3277,en,playing normally + vomited,vomiting,true
passages_train_3278,sw,mvulana anaendesha tangu juzi,diarrhoea,true
passages_train_3279,sw,Amani: kukohoa sana,cough,true
passages_train_3280,mix,the girl had convulsions,ds_convulsions,true
passages_train_3281,en,child: vomiting everything,ds_vomits_everything;vomiting,true
passages_train_3282,sw,Mtoto ana homa siku tano,fever,true
passages_train_3283,mix,mtoto vomited,vomiting,true
passages_train_3284,en,baby: convulsions for 5 days,ds_convulsions,true
passages_train_3285,sw,mtoto wa Noor maumivu tangu jana,pain,true
passages_train_3286,en,vomiting everything,ds_vomits_everything;vomiting,true
passages_train_3287,sw,kikohozi,cough,true
passages_train_3288,sw,kutapikka,vomiting,true
passages_train_3289,mix,Fever,fever,true
passages_train_3290,mix,Baby kifafa,ds_convulsions,true
passages_train_3291,sw,Amani amelegea,ds_lethargic,true
passages_train_3292,mix,Amani abdominal pain + hana nguvu,pain;weakness,true
passages_train_3293,sw,mtoto wa Noor: hajatapika,vomiting,true
passages_train_3294,sw,kifafa,ds_convulsions,true
passages_train_3295,sw,anatapika,vomiting,true
passages_train_3296,sw,Amani: maumivu ya kichwa degedege siku 1,ds_convulsions;pain,true
passages_train_3297,mix,Convulsions,ds_convulsions,true
passages_train_3298,en,the child: vomiting,vomiting,true
passages_train_3299,en,running stomach,diarrhoea,true
passages_train_3300,sw,tulizungumza kuhusu kahawa,,true
passages_train_3301,en,not able to drink for 1 week,ds_cannot_drink,true
passages_train_3302,sw,tulizungumza kuhusu kahawa,,true
passages_train_3303,sw,ana kikohozi wiki moja,cough,true
passages_train_3304,sw,maumivu ya tumbo,pain,true
passages_train_3305,sw,mvulana ametapika,vomiting,true
passages_train_3306,sw,wamepanda maharagwe,,true
passages_train_3307,sw,mama anauza maziwa sokoni,,true
passages_train_3308,en,the child: diarrhea,diarrhoea,true
passages_train_3309,sw,Mtoto wake: anatapika,vomiting,true
passages_train_3310,sw,Maumivu ya kichwa kwa siku tano,pain,true
passages_train_3311,en,the girl: cough,cough,true
passages_train_3312,en,the girl: vomited for 4 days,vomiting,true
passages_train_3313,sw,mtoto wa Noor: kuhara,diarrhoea,true
passages_train_3314,sw,kichwa kinauma tangu juzi,pain,true
passages_train_3315,mix,Amani ana homa,fever,true
passages_train_3316,en,the girl: convulsions,ds_convulsions,true
passages_train_3317,sw,Hawezi kuamka kikohozi,cough;ds_lethargic,true
passages_train_3318,mix,anacheza vizuri,,true
passages_train_3319,en,not coughing for 1 week,cough,true
passages_train_3320,en,throwing up x4 days,vomiting,true
passages_train_3321,sw,nyumba ina maji safi,,true
passages_train_3322,sw,mtoto choo cha maji,diarrhoea,true
passages_train_3323,mix,Amani: fever denies pain,fever;pain,true
passages_train_3324,sw,amekataa kunyonya skiu tatu,ds_cannot_drink,true
passages_train_3325,en,Running stomach x3 days,diarrhoea,true
passages_train_3326,sw,maumivu,pain,true
passages_train_3327,en,Coughing,cough,true
passages_train_3328,en,playing normally x3 days,,true
passages_train_3329,sw,Mvulana: amechoka sana,weakness,true
passages_train_3330,en,hot body,fever,true
passages_train_3331,en,running stoamch,diarrhoea,true
passages_train_3332,sw,msichana: kutapika,vomiting,true
passages_train_3333,mix,Hot bdy,fever,true
passages_train_3334,sw,mvulana mnynoge,weakness,true
passages_train_3335,sw,Amanni kutapika,vomiting,true
passages_train_3336,en,the boy vomits everything,ds_vomits_everything;vomiting,true
passages_train_3337,mix,stomach pain,pain,true
passages_train_3338,en,discussed the vaccinattion card,,true
passages_train_3339,en,coughing 1 days,cough,true
passages_train_3340,en,hard to wakke,ds_lethargic,true
passages_train_3341,en,no pain,pain,true
passages_train_3342,sw,mama ana homa kwa siku mbili,fever,true
passages_train_3343,en,watr point is far,,true
passages_train_3344,sw,Mtoto wa noor: hawezi kunywa + ana degedege,ds_cannot_drink;ds_convulsions,true
passages_train_3345,sw,mvulana: hanyonyi tangu jana,ds_cannot_drink,true
passages_train_3346,en,unconscious,ds_lethargic,true
passages_train_3347,mix,child no convulsions 3 days,,true
passages_train_3348,en,vomiting everything for 1 daays,ds_vomits_everything;vomiting,true
passages_train_3349,sw,tulizungumza kuhusu kahawa,,true
passages_train_3350,sw,homa,fever,true
passages_train_3351,sw,mvulana: kila anachokula anatapika,ds_vomits_everything;vomiting,true
passages_train_3352,en,Child: unconscious,ds_lethargic,true
passages_train_3353,mix,Mvulana anatapika kila kitu,ds_vomits_everything;vomiting,true
passages_train_3354,mix,baby not weak vomited tangu juzi,vomiting;weakness,true
passages_train_3355,sw,Kuharisha kwa siiku moja,diarrhoea,true
passages_train_3356,sw,Anatapika kila anachokunywa tangu juzi,ds_vomits_everything;vomiting,true
passages_train_3357,sw,mtoto wa Noor: hajitambui,ds_lethargic,true
passages_train_3358,sw,barabara ni mbaya baada ya mvua,,true
passages_train_3359,en,the boy: does not have fever for 1 week,fever,true
passages_train_3360,en,Throws up everything,ds_vomits_everything;vomiting,true
passages_train_3361,mix,the child anatapika kila anachokunywa,ds_vomits_everything;vomiting,true
passages_train_3362,mix,kutapika anatapika kila kitu,ds_vomits_everything;vomiting,true
passages_train_3363,sw,kukohoa saana,cough,true
passages_train_3364,en,the boy: fever for 2 adys,fever,true
passages_train_3365,sw,kutapika mara moja,vomiting,true
passages_train_3366,sw,anakohoa,cough,true
passages_train_3367,mix,Child no energy siku 3,weakness,true
passages_train_3368,sw,barabara ni mbaya baada ya mvua,,true
passages_train_3369,sw,Baba: joto jingi mwilini,fever,true
passages_train_3370,en,discussed the vaccination card,,true
passages_train_3371,sw,wamepanda maharagwe,,true
passages_train_3372,sw,ana kikohozi,cough,true
passages_train_3373,sw,homa wiki mja,fever,true
passages_train_3374,sw,Mtoto wake kutapika,vomiting,true
passages_train_3375,mix,Tumbo linauma,pain,true
passages_train_3376,sw,Msichana: hajitambui tangu juzi,ds_lethargic,true
passages_train_3377,sw,Hakunywa chochote kwa siku mbili,ds_cannot_drink,true
passages_train_3378,en,running stomach + not able to drink 5 days,diarrhoea;ds_cannot_drink,true
passages_train_3379,mix,the child: coughing tangu jana,cough,true
passages_train_3380,sw,mttoo: amezimia siku tatu,ds_lethargic,true
passages_train_3381,en,baby coughing x3 days,cough,true
passages_train_3382,mix,The girl kikohozi kikali,cough,true
passages_train_3383,en,vomits everything,ds_vomits_everything;vomiting,true
passages_train_3384,mix,mtoto wa Noor: unable to breastfeed,ds_cannot_drink,true
passages_train_3385,sw,Mtoto wa noor hawezi kuamka,ds_lethargic,true
passages_train_3386,sw,mtoto wake: anacheza vizuri / si dhaifu,weakness,true
passages_train_3387,mix,naaugua homa,fever,true
passages_train_3388,en,the child: does not have fever,fever,true
passages_train_3389,mix,Mvulana: mwili ulikuwa unatetemeka siku mbili,ds_convulsions,true
passages_train_3390,en,Amani: very weak,weakness,true
passages_train_3391,sw,mtoto wake kuhara siku mbili,diarrhoea,true
passages_train_3392,mix,kuharisha tumbo haliumi,diarrhoea;pain,true
passages_train_3393,sw,Ametapika amelegea wiki moja,ds_lethargic;vomiting,true
passages_train_3394,en,No pain 4 days,pain,true
passages_train_3395,en,alert,,true
passages_train_3396,sw,msichana: anaweza kunywa,,true
passages_train_3397,sw,Amani kikohozi kikali siku 4,cough,true
passages_train_3398,en,Grandmother: has fever for 1 week,fever,true
passages_train_3399,mix,vomiting everything,ds_vomits_everything;vomiting,true
passages_train_3400,sw,familia ina shamba la mahinddi,,true
passages_train_3401,sw,watoto wako shuleni,,true
passages_train_3402,en,fits for 1 week,ds_convulsions,true
passages_train_3403,sw,homa kwa siku tatu,fever,true
passages_train_3404,sw,mtoto wa Noor: hawezi kunyonya siku 4,ds_cannot_drink,true
passages_train_3405,sw,mtoto: hanyonyi kwa siku tano,ds_cannot_drink,true
passages_train_3406,en,very weak / fever,fever;weakness,true
passages_train_3407,sw,wamepanda maharagwe,,true
passages_train_3408,sw,choo cha maji siku 4,diarrhoea,true
passages_train_3409,mix,Amani fits,ds_convulsions,true
passages_train_3410,sw,Mvulana: mnyonge + degedege sku nne,ds_convulsions;weakness,true
passages_train_3411,en,the boy: abdominal pain x1 days,pain,true
passages_train_3412,mix,not able to drink for 2 days,ds_cannot_drink,true
passages_train_3413,mix,fever for 4 days,fever,true
passages_train_3414,sw,homa kali kwa siku tano,fever,true
passages_train_3415,mix,The girl maumivu wiki moja,pain,true
passages_train_3416,sw,mtoto wake: kila anachokula anatapika / degedeege siku mbili,ds_convulsions;ds_vomits_everything;vomiting,true
passages_train_3417,en,child diarrhoea,diarrhoea,true
passages_train_3418,en,stomach pain,pain,true
passages_train_3419,mix,not weak tangu jana,weakness,true
passages_train_3420,en,bad cough,cough,true
passages_train_3421,en,Amani running stomach,diarrhoea,true
passages_train_3422,en,The child: hot body,fever,true
passages_train_3423,mix,vomited siku moja,vomiting,true
passages_train_3424,mix,the girl throws up everything,ds_vomits_everything;vomiting,true
passages_train_3425,sw,Mvulana: kila anachokula anatapika tangu jana,ds_vomits_everything;vomiting,true
passages_train_3426,en,the boy: had convulsions,ds_convulsions,true
passages_train_3427,en,Amani: fits x4 days,ds_convulsions,true
passages_train_3428,sw,Mvulana kutapika,vomiting,true
passages_train_3429,en,the child high fever / had convulsions,ds_convulsions;fever,true
passages_train_3430,sw,kuhara,diarrhoea,true
passages_train_3431,mix,vomits everything,ds_vomits_everything;vomiting,true
passages_train_3432,sw,msichana: mwili una joto,fever,true
passages_train_3433,sw,ana homa,fever,true
passages_train_3434,mix,had convulsions,ds_convulsions,true
passages_train_3435,mix,mwlii ulikuwa unatetemeka,ds_convulsions,true
passages_train_3436,sw,Bibi: ametapika tangu juzi,vomiting,true
passages_train_3437,sw,Anatapika kila anachokunywa,ds_vomits_everything;vomiting,true
passages_train_3438,en,Has fever vomited for 1 week,fever;vomiting,true
passages_train_3439,en,throws up everything since yesterday,ds_vomits_everything;vomiting,true
passages_train_3440,sw,msichnaa: kila anachokula anatapika / ana degedege,ds_convulsions;ds_vomits_everything;vomiting,true
passages_train_3441,mix,child amelegea 2 days,ds_lethargic,true
passages_train_3442,en,coffee price went up,,true
passages_train_3443,sw,barabara ni mbaya baada ya mvua,,true
passages_train_3444,mix,kutapika mara moja abdominal pain tangu jui,pain;vomiting,true
passages_train_3445,en,weak since yesterday,weakness,true
passages_train_3446,sw,Amani: ametapika,vomiting,true
passages_train_3447,mix,Mvulana kuharisha kwa sikku tano,diarrhoea,true
passages_train_3448,mix,vomiting everything x1 days,ds_vomits_everything;vomiting,true
passages_train_3449,sw,kuhara anakohoa,cough;diarrhoea,true
passages_train_3450,sw,degedege + hanyonyi,ds_cannot_drink;ds_convulsions,true
passages_train_3451,sw,baba: anatapika + hakunywa chochote,ds_cannot_drink;vomiting,true
passages_train_3452,en,the child: no cough 5 days,cough,true
passages_train_3453,mix,kikohozi kikali + anaendesha siiku 3,cough;diarrhoea,true
passages_train_3454,sw,Amani anatapika,vomiting,true
passages_train_3455,sw,mtoto wake: hawezi kunywa anatapika kila kitu,ds_cannot_drink;ds_vomits_everything;vomiting,true
passages_train_3456,en,the child abdominal pain,pain,true
passages_train_3457,sw,familia ina shamba la mahindi,,true
passages_train_3458,en,Diarrhea,diarrhoea,true
passages_train_3459,sw,leo mvua imenyesha sana,,true
passages_train_3460,en,the child cannot drink,ds_cannot_drink,true
passages_train_3461,sw,mtoto hawezi kunyonya siku 4,ds_cannot_drink,true
passages_train_3462,sw,Amani: maumivu siku moja,pain,true
passages_train_3463,sw,Mtoto wa noor mwili una joto,fever,true
passages_train_3464,en,the girl: stomach pain x2 days,pain,true
passages_train_3465,mix,amechoka sana,weakness,true
passages_train_3466,sw,hawezi kunywa,ds_cannot_drink,true
passages_train_3467,en,hot body since yesterday,fever,true
passages_train_3468,mix,hana kuhara,diarrhoea,true
passages_train_3469,sw,Mtoto kuharisha,diarrhoea,true
passages_train_3470,sw,mnyonge,weakness,true
passages_train_3471,sw,Mtoto homa klai,fever,true
passages_train_3472,sw,kutapika,vomiting,true
passages_train_3473,en,vomits everything since yesterday,ds_vomits_everything;vomiting,true
passages_train_3474,sw,mtoto wa Noor anatapika,vomiting,true
passages_train_3475,en,family grows coffee and maize,,true
passages_train_3476,sw,hakuwa na degedege,,true
passages_train_3477,sw,msichana: hajitambui,ds_lethargic,true
passages_train_3478,sw,ametapika wiki moja,vomiting,true
passages_train_3479,sw,msichana: hawezi kunywa kifafa,ds_cannot_drink;ds_convulsions,true
passages_train_3480,en,follow up visit planned,,true
passages_train_3481,en,the child: fits diarrhea,diarrhoea;ds_convulsions,true
passages_train_3482,mix,mtoto wa Noor: usingizi mzito,ds_lethargic,true
passages_train_3483,sw,Mtoto wa noor anaendesha tangu juzi,diarrhoea,true
passages_train_3484,sw,mtoto wake amekataa kunyonya kwa siku moja,ds_cannot_drink,true
passages_train_3485,sw,Bibi kia anachokula anatapika siku 2,ds_vomits_everything;vomiting,true
passages_train_3486,mix,mvulana: hakunywa chochote,ds_cannot_drink,true
passages_train_3487,sw,alipata degedege siku moja,ds_convulsions,true
passages_train_3488,sw,mtoto anatapika kila anachokunywa siku moja,ds_vomits_everything;vomiting,true
passages_train_3489,sw,amechoka sana,weakness,true
passages_train_3490,en,vomiting 4 days,vomiting,true
passages_train_3491,sw,kikohozi kikali siku moja,cough,true
passages_train_3492,sw,Amekataa kunyonya tangu jana,ds_cannot_drink,true
passages_train_3493,sw,dhaifu tangu jana,weakness,true
passages_train_3494,mix,mvulana high fever siku 4,fever,true
passages_train_3495,sw,maumivu ya tumbo,pain,true
passages_train_3496,sw,hakuwa na degedege + kukohoa sana,cough,true
passages_train_3497,en,Can drink,,true
passages_train_3498,sw,tutarudi wiki ijayo kwa ziara,,true
passages_train_3499,sw,mtoto wa Noor kutapka mara moja,vomiting,true
passages_train_3500,mix,Amani: tumbo linama,pain,true
passages_train_3501,sw,mtoto wake choo cha maji,diarrhoea,true
passages_train_3502,sw,homa kwa siku nne,fever,true
passages_train_3503,sw,amezimia siku tano,ds_lethargic,true
passages_train_3504,en,No vomiitng,vomiting,true
passages_train_3505,sw,Homa kali kwa siku moja,fever,true
passages_train_3506,mix,hana kuhara,diarrhoea,true
passages_train_3507,sw,amezmiia,ds_lethargic,true
passages_train_3508,sw,Ana hma,fever,true
passages_train_3509,mix,Amani: hawezi kunyonya,ds_cannot_drink,true
passages_train_3510,sw,Mvulana kuhara,diarrhoea,true
passages_train_3511,mix,The girl: haana nguvu since yesterday,weakness,true
passages_train_3512,sw,kichwa kinauma,pain,true
passages_train_3513,sw,msichana joto jingi mwilini kwa siku tano,fever,true
passages_train_3514,sw,nyumba ina maji safi,,true
passages_train_3515,sw,nimepita kwa nyumba ya jirani,,true
passages_train_3516,mix,Mama yake: cannot drink,ds_cannot_drink,true
passages_train_3517,mix,the girl: hawezi kunyonya / degedege,ds_cannot_drink;ds_convulsions,true
passages_train_3518,en,Aamni: headache for 1 week,pain,true
passages_train_3519,en,Had convulsions 3 days,ds_convulsions,true
passages_train_3520,sw,hana nguvu + kukohoa sana,cough;weakness,true
passages_train_3521,mix,Amani fever since yesterday,fever,true
passages_train_3522,en,diarrhea since yesterday,diarrhoea,true
passages_train_3523,en,the girl very sleepy since yesterday,ds_lethargic,true
passages_train_3524,en,baby: fits for 1 week,ds_convulsions,true
passages_train_3525,sw,kikohozi kikali tangu jana,cough,true
passages_train_3526,sw,degedege tagnu juzi,ds_convulsions,true
passages_train_3527,mix,Mtoto no diarrhoea 3 days,diarrhoea,true
passages_train_3528,sw,Mtoto si dhaifu,weakness,true
passages_train_3529,sw,mtoto wa Noor kutapika,vomiting,true
passages_train_3530,en,Throws up everyhting,ds_vomits_everything;vomiting,true
passages_train_3531,sw,mwili ulikuwa unatetemeka,ds_convulsions,true
passages_train_3532,mix,the child: hoa kali,fever,true
passages_train_3533,mix,Amani alert x1 days,,true
passages_train_3534,sw,Hawezi kuamka siku 4,ds_lethargic,true
passages_train_3535,sw,Maumivu ya tumbo kwa siku moja,pain,true
passages_train_3536,sw,mtoto: hawezi kuamka,ds_lethargic,true
passages_train_3537,mix,The girl: haharishi,diarrhoea,true
passages_train_3538,en,unconscious,ds_lethargic,true
passages_train_3539,sw,Alipata degedege / anakohoa siku 1,cough;ds_convulsions,true
passages_train_3540,mix,unable to drink tangu juzi,ds_cannot_drink,true
passages_train_3541,sw,mvulana: joto jingi mwilini tangu juzi,fever,true
passages_train_3542,sw,mnyonge,weakness,true
passages_train_3543,en,abdominal pain + vomits everything,ds_vomits_everything;pain;vomiting,true
passages_train_3544,sw,kikohozi kikali / choo cha maji,cough;diarrhoea,true
passages_train_3545,sw,Amani: ana kikohozi,cough,true
passages_train_3546,mix,the boy: had convulsions for 4 days,ds_convulsions,true
passages_train_3547,sw,hana nguvu kwa siku moja,weakness,true
passages_train_3548,en,the child cough,cough,true
passages_train_3549,sw,ana degedege,ds_convulsions,true
passages_train_3550,sw,Msichana: amekataa kunyonya kwa siku nne,ds_cannot_drink,true
passages_train_3551,sw,joto jingi mwilini kwa siku nne,fever,true
passages_train_3552,en,fever,fever,true
passages_train_3553,mix,the boy: no vomiting,vomiting,true
passages_train_3554,en,diarrhoeea,diarrhoea,true
passages_train_3555,sw,Amani: ametapika hawezi kuamka,ds_lethargic;vomiting,true
passages_train_3556,mix,no pain siku 1,pain,true
passages_train_3557,sw,msichana: hana kuhara,diarrhoea,true
passages_train_3558,sw,Amani kutapika,vomiting,true
passages_train_3559,en,very weak,weakness,true
passages_train_3560,en,Child diarrhoea 5 days,diarrhoea,true
passages_train_3561,sw,msichana: hakuwa na degedege,,true
passages_train_3562,mix,kila anachokula anatapika tangu juzi,ds_vomits_everything;vomiting,true
passages_train_3563,sw,mama yake mnyonge siku 3,weakness,true
passages_train_3564,en,routine household visit,,true
passages_train_3565,en,the boy: not weak,weakness,true
passages_train_3566,sw,hawezi kunywa kwa siku tatu,ds_cannot_drink,true
passages_train_3567,sw,Mama yake: yuko macho wiki moja,,true
passages_train_3568,mix,the boy no vomiting,vomiting,true
passages_train_3569,sw,mvulana kikohozi kikali,cough,true
passages_train_3570,sw,mama anatapika kila anachoknuywa,ds_vomits_everything;vomiting,true
passages_train_3571,en,headache for 1 days,pain,true
passages_train_3572,en,Baby hard to wake since yesterday,ds_lethargic,true
passages_train_3573,sw,Maa yake: tumbo linauma,pain,true
passages_train_3574,sw,hakohoi wiki moja,cough,true
passages_train_3575,sw,hajatapika,vomiting,true
passages_train_3576,sw,Amechoka sana kwa siku tano,weakness,true
passages_train_3577,en,family grows coffee and maize,,true
passages_train_3578,mix,baby: pain,pain,true
passages_train_3579,mix,hana kuhara kichwa kinauma kwa siku tatu,diarrhoea;pain,true
passages_train_3580,sw,mtoto wake: usingizi mzito kwa siku moja,ds_lethargic,true
passages_train_3581,sw,mtoto wake mnyonge,weakness,true
passages_train_3582,en,Pain 4 daays,pain,true
passages_train_3583,sw,amekataa kunyonya / ametapika siku 5,ds_cannot_drink;vomiting,true
passages_train_3584,sw,nyumba ina maji safi,,true
passages_train_3585,sw,maumviu ya tumbo tangu jana,pain,true
passages_train_3586,en,visited the household this morning,,true
passages_train_3587,sw,mvulana amekataa kunyonya kwa siku moja,ds_cannot_drink,true
passages_train_3588,en,children are at school,,true
passages_train_3589,sw,Amani: maumivu tangu jana,pain,true
passages_train_3590,sw,Amani maumivu,pain,true
passages_train_3591,en,hot body weak,fever;weakness,true
passages_train_3592,mix,jirani vomiting everything,ds_vomits_everything;vomiting,true
passages_train_3593,sw,Anatapika kila anachokunywa,ds_vomits_everything;vomiting,true
passages_train_3594,sw,watoto wao shuleni,,true
passages_train_3595,sw,mtoto wa Noor alipata degedege,ds_convulsions,true
passages_train_3596,sw,amekataa kunyonya,ds_cannot_drink,true
passages_train_3597,mix,grandmother: coughing,cough,true
passages_train_3598,sw,msichana hana nguvu,weakness,true
passages_train_3599,en,child no convulsions for 1 days,,true
passages_train_3600,sw,anatapika + choo cha maji kwa siku nne,diarrhoea;vomiting,true
passages_train_3601,sw,tutarudi wiki ijayo kwa ziara,,true
passages_train_3602,sw,Mwili ulikuwa unatetemeka,ds_convulsions,true
passages_train_3603,sw,Amani: hwezi kunyonya,ds_cannot_drink,true
passages_train_3604,sw,mvulana alipata degedege,ds_convulsions,true
passages_train_3605,mix,Maumivu ya kichwa,pain,true
passages_train_3606,sw,Amani ametapika kwa siku moja,vomiting,true
passages_train_3607,sw,mtoo wa Noor: anacheza vizuri tangu jana,,true
passages_train_3608,en,Fatheer hot body,fever,true
passages_train_3609,sw,mtoto wa Noor dhaifu siku nne,weakness,true
passages_train_3610,sw,Mtoto wa noor: usingizi mzito wiki moja,ds_lethargic,true
passages_train_3611,sw,nimepita kwa nyumba ya jirani,,true
passages_train_3612,en,No convulsioons,,true
passages_train_3613,sw,hana nguvu,weakness,true
passages_train_3614,en,The child hard to wake,ds_lethargic,true
passages_train_3615,mix,hanyonyi,ds_cannot_drink,true
passages_train_3616,mix,Amani: hana nguvu siku moja,weakness,true
passages_train_3617,sw,Amekataa kunyonya,ds_cannot_drink,true
passages_train_3618,mix,Baby: kikohozi wiki moja,cough,true
passages_train_3619,en,diarrhoea / weak for 2 days,diarrhoea;weakness,true
passages_train_3620,en,very sleepy x3 days,ds_lethargic,true
passages_train_3621,en,Amani can drink for 1 week,,true
passages_train_3622,mix,mtoto: kifafa,ds_convulsions,true
passages_train_3623,sw,mnyonge + usingizi mzito tangu jana,ds_lethargic;weakness,true
passages_train_3624,en,the girl running stomach / hard to wake,diarrhoea;ds_lethargic,true
passages_train_3625,mix,vomits everything,ds_vomits_everything;vomiting,true
passages_train_3626,sw,Mtoto wa noor: ana degedege,ds_convulsions,true
passages_train_3627,sw,hawezi kunywa,ds_cannot_drink,true
passages_train_3628,en,Amani: very weak,weakness,true
passages_train_3629,en,throwing up,vomiting,true
passages_train_3630,en,lethargic for 1 week,ds_lethargic,true
passages_train_3631,sw,msichana degedege + amelegea tangu jana,ds_convulsions;ds_lethargic,true
passages_train_3632,en,running stomach 4 days,diarrhoea,true
passages_train_3633,en,Cough x1 adys,cough,true
passages_train_3634,mix,Amani unable to drink for 1 week,ds_cannot_drink,true
passages_train_3635,mix,Throws up everything for 1 week,ds_vomits_everything;vomiting,true
passages_train_3636,sw,kuhara,diarrhoea,true
passages_train_3637,en,the child: headache,pain,true
passages_train_3638,en,cannot drink,ds_cannot_drink,true
passages_train_3639,en,no pain for 1 dayys,pain,true
passages_train_3640,sw,hajitambui,ds_lethargic,true
passages_train_3641,mix,mtoto has fever tangu jana,fever,true
passages_train_3642,sw,wamepanda maharagwe,,true
passages_train_3643,mix,maumivu ya tumbo,pain,true
passages_train_3644,en,The child: fever 5 days,fever,true
passages_train_3645,sw,Kila anachokula anatapika kutapika mara moja,ds_vomits_everything;vomiting,true
passages_train_3646,sw,Hakuwa na degedege wiki moja,,true
passages_train_3647,sw,homa siku 5,fever,true
passages_train_3648,sw,kuhara siku tatu,diarrhoea,true
passages_train_3649,mix,hakuwa na degedege x2 days,,true
passages_train_3650,sw,mtoto wake: alipata degedege wiki moja,ds_convulsions,true
passages_train_3651,mix,hawezi kunywa,ds_cannot_drink,true
passages_train_3652,en,child high fever,fever,true
passages_train_3653,mix,the child throws up everything for 4 days,ds_vomits_everything;vomiting,true
passages_train_3654,mix,Vomitig,vomiting,true
passages_train_3655,mix,Hatapiki,vomiting,true
passages_train_3656,en,the girl: bad cough since yesterday,cough,true
passages_train_3657,en,weak for 1 dyas,weakness,true
passages_train_3658,sw,msichana hakuwa na degedege,,true
passages_train_3659,en,Weak / vomits everything 4 days,ds_vomits_everything;vomiting;weakness,true
passages_train_3660,sw,mtoto wake yuko macho,,true
passages_train_3661,mix,Mvulana: anaendesha,diarrhoea,true
passages_train_3662,mix,neighbour kila anachokula anatapika for 1 week,ds_vomits_everything;vomiting,true
passages_train_3663,mix,Baby: amekataa kunyonya siku 4,ds_cannot_drink,true
passages_train_3664,en,Vomited for 4 days,vomiting,true
passages_train_3665,en,mother sells milk at the market,,true
passages_train_3666,sw,Tumbo linauma,pain,true
passages_train_3667,sw,Mvulana: hakuwa na degedege,,true
passages_train_3668,sw,mtoto waake: hanyonyi kwa siku tano,ds_cannot_drink,true
passages_train_3669,en,neighbour: no diarrhoea,diarrhoea,true
passages_train_3670,sw,Mtoto: haharihsi,diarrhoea,true
passages_train_3671,en,coughing,cough,true
passages_train_3672,sw,msichana degedege + ananyonya vizuri,ds_convulsions,true
passages_train_3673,sw,mama anauza maziwa sokoni,,true
passages_train_3674,en,the boy diarrhea,diarrhoea,true
passages_train_3675,sw,kifafa kwa siku tano,ds_convulsions,true
passages_train_3676,sw,bila homa,fever,true
passages_train_3677,sw,ana degedege wiki mooja,ds_convulsions,true
passages_train_3678,sw,Amani: hakohoi kwa siku mbili,cough,true
passages_train_3679,sw,familia ina shamba la mahindi,,true
passages_train_3680,mix,kila anachokula anatapika siku nne,ds_vomits_everything;vomiting,true
passages_train_3681,en,Chilld: lethargic x2 days,ds_lethargic,true
passages_train_3682,sw,anatapika kila kitu tangu jana,ds_vomits_everything;vomiting,true
passages_train_3683,mix,can drink,,true
passages_train_3684,en,the girl: diarrhea,diarrhoea,true
passages_train_3685,sw,mtoto hana nguvu + choo cha maji,diarrhoea;weakness,true
passages_train_3686,sw,anaugua homa,fever,true
passages_train_3687,en,Coughing since yesterday,cough,true
passages_train_3688,sw,hawzei kuamka wiki moja,ds_lethargic,true
passages_train_3689,sw,mtoto tumbo linauma tangu jana,pain,true
passages_train_3690,sw,amechoka sana tangu juzi,weakness,true
passages_train_3691,sw,mvulana hana maumivu tangu jana,pain,true
passages_train_3692,sw,Hakunywa chochote tangu juzi,ds_cannot_drink,true
passages_train_3693,sw,mtoto: hana nguvu / hawezi kuamka sku mbili,ds_lethargic;weakness,true
passages_train_3694,sw,tulizungumza kuhusu kahawa,,true
passages_train_3695,sw,anatapika kila anachokunywa,ds_vomits_everything;vomiting,true
passages_train_3696,mix,anakohoa,cough,true
passages_train_3697,sw,Amani anakunywa vizuri kwa siku tano,,true
passages_train_3698,en,throws up everything 5 dyas,ds_vomits_everything;vomiting,true
passages_train_3699,en,fits for 1 week,ds_convulsions,true
passages_train_3700,en,throws up everrything,ds_vomits_everything;vomiting,true
passages_train_3701,sw,Mtoto wake: kutapika mara moja,vomiting,true
passages_train_3702,mix,the girl: does not have fever tangu juzi,fever,true
passages_train_3703,en,The child: had convulsions for 1 week,ds_convulsions,true
passages_train_3704,sw,hakuna homa / hana maumivu,fever;pain,true
passages_train_3705,sw,mtoto wa Noor: hana homa,fever,true
passages_train_3706,sw,Jirani: tumbo haliumi,pain,true
passages_train_3707,en,throws up everything pain 2 days,ds_vomits_everything;pain;vomiting,true
passages_train_3708,sw,ametapika,vomiting,true
passages_train_3709,sw,mtoto wa Noor bia homa,fever,true
passages_train_3710,sw,joto jingi mwilini tangu jzui,fever,true
passages_train_3711,en,the child no diarrhea for 1 days,diarrhoea,true
passages_train_3712,sw,Kutapika / anaendesha kwa siiku tano,diarrhoea;vomiting,true
passages_train_3713,en,discussed the vaccination card,,true
passages_train_3714,mix,mvulana stomach pain,pain,true
passages_train_3715,mix,drinking well,,true
passages_train_3716,mix,Amani vomiting,vomiting,true
passages_train_3717,sw,mvulana: anatapika kila kitu,ds_vomits_everything;vomiting,true
passages_train_3718,en,the road was muddy,,true
passages_train_3719,en,Vomiting for 2 daays,vomiting,true
passages_train_3720,en,throws up everything,ds_vomits_everything;vomiting,true
passages_train_3721,sw,Kikohozi kikali kuharisha,cough;diarrhoea,true
passages_train_3722,sw,leo mvua imenyesha sana,,true
passages_train_3723,sw,kikohozi,cough,true
passages_train_3724,sw,mtoto anaharisha tangu juzi,diarrhoea,true
passages_train_3725,sw,tumbo linauma,pain,true
passages_train_3726,sw,Haa nguvu / amekataa kunyonya siku tano,ds_cannot_drink;weakness,true
passages_train_3727,en,family grows coffee and maize,,true
passages_train_3728,mix,anatapika kila anachokunywa degedege tangu jana,ds_convulsions;ds_vomits_everything;vomiting,true
passages_train_3729,en,very weak + vomited,vomiting;weakness,true
passages_train_3730,en,bby: fits for 1 week,ds_convulsions,true
passages_train_3731,sw,watoto wako shuleni,,true
passages_train_3732,en,family grows coffee and maize,,true
passages_train_3733,en,unable to breastfeed,ds_cannot_drink,true
passages_train_3734,en,child: hard to wake,ds_lethargic,true
passages_train_3735,mix,anacheza vizuri tangu jana,,true
passages_train_3736,mix,the boy: convulsions for 4 days,ds_convulsions,true
passages_train_3737,mix,baby dhaifu for 1 days,weakness,true
passages_train_3738,mix,unable to drink,ds_cannot_drink,true
passages_train_3739,sw,hawezi kuamka,ds_lethargic,true
passages_train_3740,sw,mvulana anatapika kila anachokunywa wiki moja,ds_vomits_everything;vomiting,true
passages_train_3741,mix,the girl: not able to drink,ds_cannot_drink,true
passages_train_3742,en,cough 4 days,cough,true
passages_train_3743,en,baby: abdominal pain,pain,true
passages_train_3744,mix,hajaharisha,diarrhoea,true
passages_train_3745,mix,cough 4 days,cough,true
passages_train_3746,en,denies pain,pain,true
passages_train_3747,sw,Amani: hana kikohozi / amelegea,cough;ds_lethargic,true
passages_train_3748,sw,Msichana: homa,fever,true
passages_train_3749,sw,tulizungumza kuhusu kahawa,,true
passages_train_3750,sw,mtoto wa Noor usingizi mzito,ds_lethargic,true
passages_train_3751,mix,kukohoa sana since yesterday,cough,true
passages_train_3752,sw,mtoto wake kukohoa sana tangu juzi,cough,true
passages_train_3753,en,mother sells milk at the market,,true
passages_train_3754,sw,amezimia tumbo linauma tangu juzi,ds_lethargic;pain,true
passages_train_3755,en,the child no pain,pain,true
passages_train_3756,mix,Mwili ulikuwa unatetemeka for 4 days,ds_convulsions,true
passages_train_3757,sw,nyumba ina maji safi,,true
passages_train_3758,sw,Amani: haharishi,diarrhoea,true
passages_train_3759,sw,Mtoto wa noor: hakunywa chochote siku 5,ds_cannot_drink,true
passages_train_3760,sw,barabara ni mbaya baaa ya mvua,,true
passages_train_3761,sw,msichana kifaffa,ds_convulsions,true
passages_train_3762,en,very weak,weakness,true
passages_train_3763,sw,kifafa,ds_convulsions,true
passages_train_3764,sw,familia ina shambba la mahindi,,true
passages_train_3765,en,fits for 1 week,ds_convulsions,true
passages_train_3766,en,father not able to drink for 1 days,ds_cannot_drink,true
passages_train_3767,en,vomited,vomiting,true
passages_train_3768,mix,mvulana: unable to drink / anaugua homa,ds_cannot_drink;fever,true
passages_train_3769,en,child: no vomiting x1 days,vomiting,true
passages_train_3770,en,no ocnvulsions,,true
passages_train_3771,sw,homa,fever,true
passages_train_3772,sw,msichana: ananyonya vizuri kwa siku tatu,,true
passages_train_3773,sw,tulizungumza kuhusu kahawa,,true
passages_train_3774,mix,No fiits,,true
passages_train_3775,mix,vomits everything wiki moja,ds_vomits_everything;vomiting,true
passages_train_3776,sw,Amani anaweza kunywa kwa siku moja,,true
passages_train_3777,sw,ana degedege,ds_convulsions,true
passages_train_3778,sw,tutarudi wiki ijayo kwa ziara,,true
passages_train_3779,mix,Amani: kikohozi kikali,cough,true
passages_train_3780,en,lethargic,ds_lethargic,true
passages_train_3781,sw,Hakunywa chochote,ds_cannot_drink,true
passages_train_3782,sw,tumbo haliumi wiki moja,pain,true
passages_train_3783,sw,kikoohzi,cough,true
passages_train_3784,sw,degedege / kutapika siku nne,ds_convulsions;vomiting,true
passages_train_3785,en,Had convulsions for 3 days,ds_convulsions,true
passages_train_3786,sw,mama anauza maziwa sokoni,,true
passages_train_3787,sw,jirani ananyonya vizuri,,true
passages_train_3788,sw,mvulana degedege,ds_convulsions,true
passages_train_3789,sw,barabara ni mbaya baada ya mvua,,true
passages_train_3790,sw,mvulana: mnyonge tangu juzi,weakness,true
passages_train_3791,sw,tumbo linauuma,pain,true
passages_train_3792,sw,mtoto wa Noor: ana kikohozi kwa siku tatu,cough,true
passages_train_3793,mix,Kutapika for 1 week,vomiting,true
passages_train_3794,mix,the child ametapika / anatapika kila kitu x2 days,ds_vomits_everything;vomiting,true
passages_train_3795,mix,hatapiki,vomiting,true
passages_train_3796,sw,hana nguvu tumbo linauma siku 3,pain;weakness,true
passages_train_3797,mix,the girl: cough,cough,true
passages_train_3798,sw,mtoto wake: amelegea siku nne,ds_lethargic,true
passages_train_3799,sw,Msichana: bila homa siku tano,fever,true
passages_train_3800,mix,The boy had convulsions,ds_convulsions,true
passages_train_3801,sw,mtoto wake hajaharisha,diarrhoea,true
passages_train_3802,mix,Amani: tumbo haliumi,pain,true
passages_train_3803,mix,Grandmother: dhaifu siku 5,weakness,true
passages_train_3804,sw,Mtoto: mwili ulikuwa unatetemeka,ds_convulsions,true
passages_train_3805,mix,Amani: joto jingi mwilinni + no cough 1 days,cough;fever,true
passages_train_3806,sw,barabara ni mbaya baada ya mvua,,true
passages_train_3807,sw,Hakuwa na degedege tangu jana,,true
passages_train_3808,en,the boy: no energy x1 days,weakness,true
passages_train_3809,en,Amani vomiting evverything,ds_vomits_everything;vomiting,true
passages_train_3810,sw,Kikohozi kikaali,cough,true
passages_train_3811,en,Amani: fits,ds_convulsions,true
passages_train_3812,sw,mtoto wa Noor hajitambui,ds_lethargic,true
passages_train_3813,en,no fever since yesterday,fever,true
passages_train_3814,en,routine household visit,,true
passages_train_3815,en,baby vomiting everything,ds_vomits_everything;vomiting,true
passages_train_3816,mix,the child: anacheza vizuri,,true
passages_train_3817,mix,Maumivu since yesterday,pain,true
passages_train_3818,sw,wamepanda maharagwe,,true
passages_train_3819,sw,Kikohozi siku mbili,cough,true
passages_train_3820,mix,bad cough siku mbili,cough,true
passages_train_3821,sw,mtoto wake: hatapiki siku 5,vomiting,true
passages_train_3822,sw,si dhaifu,weakness,true
passages_train_3823,sw,Ana homa,fever,true
passages_train_3824,sw,msichana amezimia wiki moja,ds_lethargic,true
passages_train_3825,sw,hawezi kunywa,ds_cannot_drink,true
passages_train_3826,sw,Mtoto wa noor: kikohozi kikali,cough,true
passages_train_3827,sw,watoto wako shuleni,,true
passages_train_3828,sw,mtoto wake: kikohozi tangu jana,cough,true
passages_train_3829,sw,mtoto wake hakunywa chochote + anatapika kila kitu,ds_cannot_drink;ds_vomits_everything;vomiting,true
passages_train_3830,en,hard to wake + vomiting,ds_lethargic;vomiting,true
passages_train_3831,sw,msichhana: tumbo linauma,pain,true
passages_train_3832,mix,Mvulana maummivu ya kichwa,pain,true
passages_train_3833,sw,hakuwa na degedege / mnyonge,weakness,true
passages_train_3834,sw,mvulana: hawezi kunywa,ds_cannot_drink,true
passages_train_3835,sw,mvulaana: anaugua homa tangu juzi,fever,true
passages_train_3836,sw,amelegea tangu jana,ds_lethargic,true
passages_train_3837,en,neighbour convulsions,ds_convulsions,true
passages_train_3838,mix,stomach pain,pain,true
passages_train_3839,mix,Amani has fever for 4 days,fever,true
passages_train_3840,mix,Kikohozi kikali,cough,true
passages_train_3841,mix,Vomited not weak for 1 week,vomiting;weakness,true
passages_train_3842,sw,hakunywa chochote wiki moja,ds_cannot_drink,true
passages_train_3843,sw,wamepanda maharagwe,,true
passages_train_3844,en,coffee price went up,,true
passages_train_3845,mix,diarrhea tangu juzi,diarrhoea,true
passages_train_3846,sw,hkohoi / anatapika kila anachokunywa,cough;ds_vomits_everything;vomiting,true
passages_train_3847,en,Father coughing + unconscious x4 days,cough;ds_lethargic,true
passages_train_3848,en,the road was muddy,,true
passages_train_3849,sw,Amezimia,ds_lethargic,true
passages_train_3850,sw,bibi hana nguvu,weakness,true
passages_train_3851,sw,Amaani: amekataa kunyonya siku 5,ds_cannot_drink,true
passages_train_3852,mix,mtoto unable to drink,ds_cannot_drink,true
passages_train_3853,mix,Amani: coughing,cough,true
passages_train_3854,sw,mvulana maumivu ya kichwa skiu 4,pain,true
passages_train_3855,en,the boy pain 5 days,pain,true
passages_train_3856,sw,Mtoto: hajatappika,vomiting,true
passages_train_3857,sw,msichana: hanyonyi siku moja,ds_cannot_drink,true
passages_train_3858,sw,Hana kuhara,diarrhoea,true
passages_train_3859,sw,Anatapika kila kitu tangu jana,ds_vomits_everything;vomiting,true
passages_train_3860,sw,Tumo linauma,pain,true
passages_train_3861,mix,mtoto: kifafa has fever since yesterday,ds_convulsions;fever,true
passages_train_3862,sw,jirani: degedege,ds_convulsions,true
passages_train_3863,sw,mvulana: haharisshi,diarrhoea,true
passages_train_3864,sw,Degedege,ds_convulsions,true
passages_train_3865,sw,Hana maumivu,pain,true
passages_train_3866,sw,ananyonya vzuri mnyonge,weakness,true
passages_train_3867,en,Amani: throws up everything,ds_vomits_everything;vomiting,true
passages_train_3868,sw,Mtoto wake hajitambui / mnyonge tangu juzi,ds_lethargic;weakness,true
passages_train_3869,mix,mtoto wake: hakuwa na degedege + si dhaifu for 5 days,weakness,true
passages_train_3870,en,Not coughing x2 days,cough,true
passages_train_3871,sw,hakunywa chochote,ds_cannot_drink,true
passages_train_3872,en,neighbour no energy for 5 days,weakness,true
passages_train_3873,en,Cough,cough,true
passages_train_3874,sw,Mwili una joto + kutapika mara moja siku nne,fever;vomiting,true
passages_train_3875,mix,Child: vomited,vomiting,true
passages_train_3876,sw,tutarudi wiki ijayo kwa ziara,,true
passages_train_3877,sw,watoto wako shuleni,,true
passages_train_3878,sw,mvulana: anatapia / mwili ulikuwa unatetemeka,ds_convulsions;vomiting,true
passages_train_3879,en,no pain since yesterday,pain,true
passages_train_3880,sw,mtoto wake kuharisha,diarrhoea,true
passages_train_3881,sw,mvulana: hajaharisha,diarrhoea,true
passages_train_3882,mix,hakuwa na degedege,,true
passages_train_3883,sw,Mtoto wake: kila anachokula anatapika tangu jana,ds_vomits_everything;vomiting,true
passages_train_3884,sw,hana kikohozi + si dhaifu,cough;weakness,true
passages_train_3885,mix,throws up everything 5 days,ds_vomits_everything;vomiting,true
passages_train_3886,sw,Anakohoa siku moja,cough,true
passages_train_3887,sw,mtoto hana nguvu + ana degedege kwa siku mbili,ds_convulsions;weakness,true
passages_train_3888,mix,unable to drink for 5 days,ds_cannot_drink,true
passages_train_3889,sw,barabara ni mbaya baada ya mvua,,true
passages_train_3890,sw,msichna hakohoi,cough,true
passages_train_3891,mix,Kifafa,ds_convulsions,true
passages_train_3892,sw,amechoka sana + kuhara,diarrhoea;weakness,true
passages_train_3893,sw,mama anauza maziwa sokoni,,true
passages_train_3894,sw,mama yake: maumivu ya tumbo,pain,true
passages_train_3895,sw,anatapika kila kitu dhaifu,ds_vomits_everything;vomiting;weakness,true
passages_train_3896,mix,Kikohozi kikali,cough,true
passages_train_3897,sw,Amani: alipata degedege wiki moja,ds_convulsions,true
passages_train_3898,mix,The girl: bad cough,cough,true
passages_train_3899,mix,dhaifu,weakness,true
passages_train_3900,sw,mtoto wake: tumbo linauma,pain,true
passages_train_3901,en,cough,cough,true
passages_train_3902,en,Amani: no enegy,weakness,true
passages_train_3903,sw,ana homa tangu jana,fever,true
passages_train_3904,sw,anaugua homa tangu jana,fever,true
passages_train_3905,sw,hajatapika,vomiting,true
passages_train_3906,en,Amani no diarrhoea for 4 days,diarrhoea,true
passages_train_3907,sw,mtoto wake: maumivu ya tumbo,pain,true
passages_train_3908,en,child: vomited,vomiting,true
passages_train_3909,en,Can drink for 3 days,,true
passages_train_3910,en,child: dairrhoea for 1 week,diarrhoea,true
passages_train_3911,en,high fever,fever,true
passages_train_3912,sw,msichana: homa kali,fever,true
passages_train_3913,sw,Kikohozi kikali,cough,true
passages_train_3914,en,visited the household this morning,,true
passages_train_3915,en,pain,pain,true
passages_train_3916,mix,Amezimia,ds_lethargic,true
passages_train_3917,en,visited the household this morning,,true
passages_train_3918,mix,Diarrhoea,diarrhoea,true
passages_train_3919,sw,Msichana hajaharisha,diarrhoea,true
passages_train_3920,en,not weak,weakness,true
passages_train_3921,mix,cough / anatapika,cough;vomiting,true
passages_train_3922,sw,Choo cha maji wiki moja,diarrhoea,true
passages_train_3923,sw,Mvulana: hana nguvu,weakness,true
passages_train_3924,sw,watoto wako shuleni,,true
passages_train_3925,en,the child: throws up everything,ds_vomits_everything;vomiting,true
passages_train_3926,mix,mvulana: kuhara kwa siku nne,diarrhoea,true
passages_train_3927,mix,ana kikohozi,cough,true
passages_train_3928,sw,ana kikohozi,cough,true
passages_train_3929,mix,Amani: unable to drink kwa siku tatu,ds_cannot_drink,true
passages_train_3930,en,cough x2 days,cough,true
passages_train_3931,sw,hanyonyi,ds_cannot_drink,true
passages_train_3932,sw,mtoto wa Noor: anatapika kila kitu tangu juzi,ds_vomits_everything;vomiting,true
passages_train_3933,mix,Vomited tangu juzi,vomiting,true
passages_train_3934,sw,abrabara ni mbaya baada ya mvua,,true
passages_train_3935,sw,msichana: maumivu ya kichwa tangu juzi,pain,true
passages_train_3936,sw,Bila homa,fever,true
passages_train_3937,en,no diarrhoea,diarrhoea,true
passages_train_3938,mix,fever,fever,true
passages_train_3939,sw,mama kila anachokula anatapika siku 2,ds_vomits_everything;vomiting,true
passages_train_3940,mix,the child: amelegea,ds_lethargic,true
passages_train_3941,sw,Mtoto wa noor uisngizi mzito,ds_lethargic,true
passages_train_3942,sw,msichana hakuwa na deedege siku 5,,true
passages_train_3943,mix,kukooa sana,cough,true
passages_train_3944,sw,Kila anachokula anatapika siku nne,ds_vomits_everything;vomiting,true
passages_train_3945,mix,baby cough tangu jana,cough,true
passages_train_3946,mix,the boy: running stomach tngu jana,diarrhoea,true
passages_train_3947,mix,Running stomach since yesterday,diarrhoea,true
passages_train_3948,sw,tumbo linaauma,pain,true
passages_train_3949,en,unable to breastfeed unconscious x2 days,ds_cannot_drink;ds_lethargic,true
passages_train_3950,sw,anatapika kila kitu tangu jana,ds_vomits_everything;vomiting,true
passages_train_3951,mix,Haharishi wiki mojja,diarrhoea,true
passages_train_3952,en,the girl no energy,weakness,true
passages_train_3953,sw,Joto jingi mwilini dhaiifu kwa siku moja,fever;weakness,true
passages_train_3954,sw,mtoto: mwili una joto kwa siku moja,fever,true
passages_train_3955,en,Amani: stomach pian,pain,true
passages_train_3956,sw,Mvulana anaugua homa tangu juzi,fever,true
passages_train_3957,sw,hakuwa na degedege / kutapika,vomiting,true
passages_train_3958,mix,babby: amekataa kunyonya,ds_cannot_drink,true
passages_train_3959,sw,mtoto kifafa,ds_convulsions,true
passages_train_3960,sw,anatapika kila anachokunywa,ds_vomits_everything;vomiting,true
passages_train_3961,mix,the child alipata degedege x1 days,ds_convulsions,true
passages_train_3962,sw,anaugua homa,fever,true
passages_train_3963,sw,Amani anatapika kila kitu kwa siku moja,ds_vomits_everything;vomiting,true
passages_train_3964,sw,wamepanda maharagwe,,true
passages_train_3965,en,The girl very sleepy,ds_lethargic,true
passages_train_3966,sw,Mwili una jto,fever,true
passages_train_3967,mix,the girl: unable to breastfeed,ds_cannot_drink,true
passages_train_3968,en,The girl: diarrhea,diarrhoea,true
passages_train_3969,en,throws up everything,ds_vomits_everything;vomiting,true
passages_train_3970,en,No cough x3 days,cough,true
passages_train_3971,sw,mtoto wake: kila anachokula anatapika kuharisha,diarrhoea;ds_vomits_everything;vomiting,true
passages_train_3972,en,has fever 1 days,fever,true
passages_train_3973,mix,vomiting,vomiting,true
passages_train_3974,sw,Hajitambui,ds_lethargic,true
passages_train_3975,sw,anatpaika,vomiting,true
passages_train_3976,sw,Kutapika mara moja mwili una joto siku 1,fever;vomiting,true
passages_train_3977,sw,Mtoto wake: ana degedege siku tatu,ds_convulsions,true
passages_train_3978,sw,fammilia ina shamba la mahindi,,true
passages_train_3979,en,child bad cugh,cough,true
passages_train_3980,en,Very sleepy + stomach pain,ds_lethargic;pain,true
passages_train_3981,mix,Diarrhoea siku tano,diarrhoea,true
passages_train_3982,sw,hawezzi kuamka,ds_lethargic,true
passages_train_3983,sw,mtoto wa Noor amezimia + kila anachokula anatapika,ds_lethargic;ds_vomits_everything;vomiting,true
passages_train_3984,sw,hawezi kunywa,ds_cannot_drink,true
passages_train_3985,mix,Hard to wake wiki moja,ds_lethargic,true
passages_train_3986,sw,familia ina shamba la mahindi,,true
passages_train_3987,sw,chooo cha maji,diarrhoea,true
passages_train_3988,sw,mtoto wa Noor: maumivu,pain,true
passages_train_3989,en,vomited,vomiting,true
passages_train_3990,sw,mnyonge,weakness,true
passages_train_3991,sw,Amani kila anachokula anatapika,ds_vomits_everything;vomiting,true
passages_train_3992,en,throwing up vomits everything,ds_vomits_everything;vomiting,true
passages_train_3993,sw,anaharisha kwa skiu moja,diarrhoea,true
passages_train_3994,sw,tutarudi wiki ijayo kwa ziara,,true
passages_train_3995,sw,Amani: anatapika tangu juzi,vomiting,true
passages_train_3996,en,cough 2 days,cough,true
passages_train_3997,sw,mama anauza maziwa sokoni,,true
passages_train_3998,mix,child: had convulsions,ds_convulsions,true
passages_train_3999,en,no fits,,true
passages_train_4000,en,throws up everything / can drink x2 days,ds_vomits_everything;vomiting,true
passages_train_4001,sw,Amezimia / hakuwa na degedege siku 2,ds_lethargic,true
passages_train_4002,sw,homa kali,fever,true
passages_train_4003,mix,baby: vomits everything tangu jana,ds_vomits_everything;vomiting,true
passages_train_4004,mix,mtoto hawezi kunywa,ds_cannot_drink,true
passages_train_4005,sw,hajitambui + joto jingi mwilini tangu jana,ds_lethargic;fever,true
passages_train_4006,sw,tmoto wake: ananyonya vizuri,,true
passages_train_4007,en,Amani: very sleepy,ds_lethargic,true
passages_train_4008,sw,hana nguvu siku 3,weakness,true
passages_train_4009,mix,hot body for 1 week,fever,true
passages_train_4010,mix,Mtoto wa noor stomach pain,pain,true
passages_train_4011,sw,Mtoto: haharishi,diarrhoea,true
passages_train_4012,sw,tulizungumza kuhusu kahawa,,true
passages_train_4013,mix,Amani: cough,cough,true
passages_train_4014,sw,Amani: amezimia siku 5,ds_lethargic,true
passages_train_4015,mix,mtoto wa Noor hakunywa chochote wiki moja,ds_cannot_drink,true
passages_train_4016,en,famly grows coffee and maize,,true
passages_train_4017,mix,amechoka sana,weakness,true
passages_train_4018,sw,wamepanda maharagwe,,true
passages_train_4019,en,weak 4 days,weakness,true
passages_train_4020,mix,baby: anaharisha siku 2,diarrhoea,true
passages_train_4021,en,Child: playing nromally since yesterday,,true
passages_train_4022,en,Baby: vomited / no fever,fever;vomiting,true
passages_train_4023,mix,mwili ulikuwa unatetemeka / hawezi kunywa for 2 days,ds_cannot_drink;ds_convulsions,true
passages_train_4024,mix,Aantapika,vomiting,true
passages_train_4025,en,the boy bad cuogh since yesterday,cough,true
passages_train_4026,sw,Mtoto mnyonge,weakness,true
passages_train_4027,sw,hajatapika,vomiting,true
passages_train_4028,mix,The girl running stomach throwing up,diarrhoea;vomiting,true
passages_train_4029,sw,Mvulana: ana kikohozi siku moja,cough,true
passages_train_4030,sw,amekataa kunyonya kwa siku nne,ds_cannot_drink,true
passages_train_4031,sw,Msihana maumivu ya kichwa tangu jana,pain,true
passages_train_4032,sw,mnyonge siku 3,weakness,true
passages_train_4033,sw,Amani kuharisha siku bmili,diarrhoea,true
passages_train_4034,sw,mtoto wake hakunywa chochote,ds_cannot_drink,true
passages_train_4035,mix,had convulsions,ds_convulsions,true
passages_train_4036,en,diarrhea,diarrhoea,true
passages_train_4037,mix,no fever,fever,true
passages_train_4038,sw,msichana anatapika + mnyonge,vomiting;weakness,true
passages_train_4039,en,the boy fever not vomiting,fever;vomiting,true
passages_train_4040,sw,kikohozi kikali kwa siku moja,cough,true
passages_train_4041,en,child coughing for 1 week,cough,true
passages_train_4042,sw,hana nguvu,weakness,true
passages_train_4043,en,hard to wake,ds_lethargic,true
passages_train_4044,en,Diarrhoea since yesterday,diarrhoea,true
passages_train_4045,en,The child had convulsions,ds_convulsions,true
passages_train_4046,en,baby: weak,weakness,true
passages_train_4047,mix,mtoto wake: amelegea wiki moja,ds_lethargic,true
passages_train_4048,mix,has fever for 2 days,fever,true
passages_train_4049,sw,mwili una joto kwa siku mbili,fever,true
passages_train_4050,sw,nimepita kwa nyumba ya jirani,,true
passages_train_4051,en,throws up everything,ds_vomits_everything;vomiting,true
passages_train_4052,sw,mtoto kuharisha maumivu ya kichwa wiki moja,diarrhoea;pain,true
passages_train_4053,sw,barabara ni mbaya baada ya mvua,,true
passages_train_4054,mix,Bila homa x3 days,fever,true
passages_train_4055,en,visited the household this morning,,true
passages_train_4056,sw,si dhaifu,weakness,true
passages_train_4057,mix,cough x4 daays,cough,true
passages_train_4058,en,Amani cannot drink,ds_cannot_drink,true
passages_train_4059,sw,kichwa kinauma,pain,true
passages_train_4060,sw,mtto wa Noor: haharishi tangu juzi,diarrhoea,true
passages_train_4061,sw,amekataa kunyonya,ds_cannot_drink,true
passages_train_4062,sw,amekataa kunyonya,ds_cannot_drink,true
passages_train_4063,mix,mtoto: hana nguvu,weakness,true
passages_train_4064,mix,mtoto anatapika kila anachokunywa,ds_vomits_everything;vomiting,true
passages_train_4065,sw,mtoto wake usingizi mzito wiki moja,ds_lethargic,true
passages_train_4066,mix,mvullana: diarrhoea,diarrhoea,true
passages_train_4067,sw,nimepita kwa nyumba ya jirani,,true
passages_train_4068,sw,mtoto wa Nor kuhara kwa siku tano,diarrhoea,true
passages_train_4069,en,unconscious x5 days,ds_lethargic,true
passages_train_4070,sw,Mvulana: kila anachokula anatapika siku moja,ds_vomits_everything;vomiting,true
passages_train_4071,sw,amekataa kunyonya kwa siku nne,ds_cannot_drink,true
passages_train_4072,sw,kuharisha siku 2,diarrhoea,true
passages_train_4073,sw,kuhara,diarrhoea,true
passages_train_4074,en,Very weak,weakness,true
passages_train_4075,en,Diarrheoa,diarrhoea,true
passages_train_4076,mix,alipata degedege,ds_convulsions,true
passages_train_4077,mix,mtoto wa Noor: not weak / haakuwa na degedege,weakness,true
passages_train_4078,sw,msichana: tumbo haliumi,pain,true
passages_train_4079,mix,Stomach pain,pain,true
passages_train_4080,mix,Verry sleepy,ds_lethargic,true
passages_train_4081,sw,mtoto wa Noor: kikohozi siku 2,cough,true
passages_train_4082,sw,Usingizi mzito,ds_lethargic,true
passages_train_4083,mix,the boy headache + no vomiting for 1 week,pain;vomiting,true
passages_train_4084,sw,mnyonge + hawezi kunyonya,ds_cannot_drink;weakness,true
passages_train_4085,sw,mvulana usingizi mzito ananyonya vizuri tangu jana,ds_lethargic,true
passages_train_4086,sw,maumivu ya kichwa siku mbili,pain,true
passages_train_4087,sw,hakunywa chochote tangu juzi,ds_cannot_drink,true
passages_train_4088,en,vomits everything since yesterday,ds_vomits_everything;vomiting,true
passages_train_4089,en,water point is far,,true
passages_train_4090,sw,Mvulana maumivu ya tumbo,pain,true
passages_train_4091,sw,hana nguvu,weakness,true
passages_train_4092,sw,mtoto wa Noor si dhaifu kwa siku tano,weakness,true
passages_train_4093,en,mother sells millk at the market,,true
passages_train_4094,sw,mtoto choo cha maji siiku tatu,diarrhoea,true
passages_train_4095,mix,the girl: ana kikohozi,cough,true
passages_train_4096,en,vomiting since yesterday,vomiting,true
passages_train_4097,mix,hakunywa chochoe 2 days,ds_cannot_drink,true
passages_train_4098,mix,The girl: anaendesha x4 days,diarrhoea,true
passages_train_4099,sw,msichana: mnyonge,weakness,true
passages_train_4100,sw,tutarudi wiki ijayo kwa ziara,,true
passages_train_4101,en,fever x3 days,fever,true
passages_train_4102,en,mother sells milk at the market,,true
passages_train_4103,en,baby no energy,weakness,true
passages_train_4104,en,fits,ds_convulsions,true
passages_train_4105,mix,throwing up kwa siku moja,vomiting,true
passages_train_4106,sw,mtoto maumivu tangu juzi,pain,true
passages_train_4107,mix,fits,ds_convulsions,true
passages_train_4108,en,Child weak for 5 days,weakness,true
passages_train_4109,sw,baba: mwili una joto kwa siku nne,fever,true
passages_train_4110,mix,The boy no diarrhoea x1 days,diarrhoea,true
passages_train_4111,sw,nimepita kwa nyumba ya jirani,,true
passages_train_4112,sw,joto jingi mwilinni,fever,true
passages_train_4113,mix,Msichana: hana maumivu since yesterday,pain,true
passages_train_4114,en,Child: vomited,vomiting,true
passages_train_4115,sw,Homa kali,fever,true
passages_train_4116,sw,Amani amekataa kunyonya kwa siku mbili,ds_cannot_drink,true
passages_train_4117,sw,amelegea tangu juzi,ds_lethargic,true
passages_train_4118,sw,Maumivu ya tumbo wiki moja,pain,true
passages_train_4119,sw,kuhara,diarrhoea,true
passages_train_4120,en,Amani: had convulsions / diarrhoea,diarrhoea;ds_convulsions,true
passages_train_4121,mix,vomits everything siku moja,ds_vomits_everything;vomiting,true
passages_train_4122,en,The child: vomits everything + hard to wake,ds_lethargic;ds_vomits_everything;vomiting,true
passages_train_4123,mix,Homa kali hawezi kunyonya,ds_cannot_drink;fever,true
passages_train_4124,sw,mtoto: anaharisha tangu jana,diarrhoea,true
passages_train_4125,sw,mtoto wa Noor: hana homa,fever,true
passages_train_4126,en,Child not vomiting vomits everything x5 das,ds_vomits_everything;vomiting,true
passages_train_4127,sw,tutarudi wiki ijayo kwa ziara,,true
passages_train_4128,en,the boy vomiting everything,ds_vomits_everything;vomiting,true
passages_train_4129,sw,mtoto wa Noor: alipata degedege,ds_convulsions,true
passages_train_4130,mix,Mnyonge for 1 week,weakness,true
passages_train_4131,sw,nimepita kwa nyumba ya jirani,,true
passages_train_4132,sw,nyumba ina maji safi,,true
passages_train_4133,sw,Homa kali / dhaifu,fever;weakness,true
passages_train_4134,en,child: weak,weakness,true
passages_train_4135,sw,mtoto wake anatapika kila kitu,ds_vomits_everything;vomiting,true
passages_train_4136,sw,msichana: dhaifu atngu juzi,weakness,true
passages_train_4137,sw,Msichana: amezimia,ds_lethargic,true
passages_train_4138,sw,hwaezi kunywa,ds_cannot_drink,true
passages_train_4139,sw,leo mvua imenyesha sana,,true
passages_train_4140,sw,kutapika mara moja / joto jingi mwilini,fever;vomiting,true
passages_train_4141,sw,mvuana: hakuwa na degedege,,true
passages_train_4142,sw,anatapika tangu jana,vomiting,true
passages_train_4143,mix,the mother hawezi kunyonya,ds_cannot_drink,true
passages_train_4144,mix,hana maumivu,pain,true
passages_train_4145,mix,mwili ulikuwa unatetemeka x2 days,ds_convulsions,true
passages_train_4146,mix,maumivu ya tumbo,pain,true
passages_train_4147,en,Neighbour throws up everything,ds_vomits_everything;vomiting,true
passages_train_4148,sw,kila anachokula anatapika / mnyonge,ds_vomits_everything;vomiting;weakness,true
passages_train_4149,sw,mvulana: dhaifu,weakness,true
passages_train_4150,sw,Amani: hawezi kunywa,ds_cannot_drink,true
passages_train_4151,en,The boy had convulsions,ds_convulsions,true
passages_train_4152,sw,mama yake: hana nguvu,weakness,true
passages_train_4153,en,Vomiting everything / had convulsions,ds_convulsions;ds_vomits_everything;vomiting,true
passages_train_4154,sw,mvulana: kutapika mara moja siku nne,vomiting,true
passages_train_4155,sw,babba hakuna homa,fever,true
passages_train_4156,en,discussed the vaccination card,,true
passages_train_4157,sw,mama anauza maziwa sokoni,,true
passages_train_4158,en,routine household visit,,true
passages_train_4159,sw,mtoto wake kila anachokula anatapika,ds_vomits_everything;vomiting,true
passages_train_4160,sw,msichana tumbo linauma anatapika kila anachokunywa,ds_vomits_everything;pain;vomiting,true
passages_train_4161,en,diarrhea for 2 days,diarrhoea,true
passages_train_4162,en,routine household visit,,true
passages_train_4163,sw,maumivu ya kichwa siku tano,pain,true
passages_train_4164,en,running stomach for 1 week,diarrhoea,true
passages_train_4165,en,unable to brestfeed,ds_cannot_drink,true
passages_train_4166,mix,Bibi: cannot drink tangu jana,ds_cannot_drink,true
passages_train_4167,en,The boy throwing up coughing 2 days,cough;vomiting,true
passages_train_4168,sw,Hawezi kuamka ana homa,ds_lethargic;fever,true
passages_train_4169,sw,Mvulana: anatapika klia anachokunywa siku 5,ds_vomits_everything;vomiting,true
passages_train_4170,sw,mtoto: mwili una joto wiki moja,fever,true
passages_train_4171,sw,mtoto: hana maumivu kwa siku moja,pain,true
passages_train_4172,sw,Mtoto wa noor: kuhara,diarrhoea,true
passages_train_4173,sw,Hakunywa chochote kwa siku nne,ds_cannot_drink,true
passages_train_4174,mix,throws up everything,ds_vomits_everything;vomiting,true
passages_train_4175,sw,Ananyonya vizuri,,true
passages_train_4176,en,the boy: not coughing,cough,true
passages_train_4177,sw,Homa,fever,true
passages_train_4178,sw,kukohoa sana,cough,true
passages_train_4179,sw,dhaifu,weakness,true
passages_train_4180,mix,dhaifu,weakness,true
passages_train_4181,mix,msichana: homa kali tangu jana,fever,true
passages_train_4182,mix,mtoto: weak for 1 days,weakness,true
passages_train_4183,sw,Kukohoa sana / maumivu ya kichwa,cough;pain,true
passages_train_4184,mix,child maumivu ya tumbo kwa siku tatu,pain,true
passages_train_4185,sw,hana maumivu,pain,true
passages_train_4186,sw,Hawezi kunyonya siku moja,ds_cannot_drink,true
passages_train_4187,mix,mvulana kikohozi kikali,cough,true
passages_train_4188,sw,kcihwa kinauma / alipata degedege,ds_convulsions;pain,true
passages_train_4189,sw,Anatapika kila kitu,ds_vomits_everything;vomiting,true
passages_train_4190,en,Bad cough,cough,true
passages_train_4191,en,Convulsions x5 days,ds_convulsions,true
passages_train_4192,en,the girl: vomits everything,ds_vomits_everything;vomiting,true
passages_train_4193,mix,mvulana: hot body for 1 week,fever,true
passages_train_4194,sw,bibi hakunywa chochote,ds_cannot_drink,true
passages_train_4195,en,No vomiting 2 days,vomiting,true
passages_train_4196,sw,Amani amechoka sana,weakness,true
passages_train_4197,sw,joto jingi mwilini tangu jana,fever,true
passages_train_4198,sw,Anharisha,diarrhoea,true
passages_train_4199,en,No convulsions,,true
passages_train_4200,sw,tumbo hailumi,pain,true
passages_train_4201,sw,mtoto wake anaendesha wiki moja,diarrhoea,true
passages_train_4202,en,Not weak,weakness,true
passages_train_4203,mix,Amani tumbo haliumi for 1 days,pain,true
passages_train_4204,en,very sleepy,ds_lethargic,true
passages_train_4205,en,Amani vomiting x1 days,vomiting,true
passages_train_4206,sw,mtoto hakunywa chochote tangu jana,ds_cannot_drink,true
passages_train_4207,sw,mtoto kutapika mara moja,vomiting,true
passages_train_4208,sw,mtoto wake: maumivu ya kichwa,pain,true
passages_train_4209,sw,familia ina shamba la mahindi,,true
passages_train_4210,sw,Maumivu ya tumbo tangu jana,pain,true
passages_train_4211,sw,nimepita kwa nyumba ya jiirani,,true
passages_train_4212,mix,anaharisha for 3 days,diarrhoea,true
passages_train_4213,en,chiild: vomiting everything for 1 week,ds_vomits_everything;vomiting,true
passages_train_4214,mix,anatapika,vomiting,true
passages_train_4215,en,unconscious x1 das,ds_lethargic,true
passages_train_4216,sw,Amani ana kikohozi,cough,true
passages_train_4217,mix,anakohoa for 5 dyas,cough,true
passages_train_4218,sw,familia ina shamba la mahindi,,true
passages_train_4219,en,the boy: convulsions + no diarrhea for 2 days,diarrhoea;ds_convulsions,true
passages_train_4220,en,very sleeppy,ds_lethargic,true
passages_train_4221,en,the mother bad cough since yesterday,cough,true
passages_train_4222,en,fits for 3 days,ds_convulsions,true
passages_train_4223,mix,Ametapika,vomiting,true
passages_train_4224,sw,nimepita kwa nyumba ya jirani,,true
passages_train_4225,sw,wamepanda maharagwe,,true
passages_train_4226,sw,Anaendesha kwa siku nne,diarrhoea,true
passages_train_4227,sw,mtoto hawezi kunywa,ds_cannot_drink,true
passages_train_4228,sw,mtoto kukohoa sana,cough,true
passages_train_4229,sw,leo mvua imenyesha sana,,true
passages_train_4230,sw,Amani kuhara,diarrhoea,true
passages_train_4231,en,very weak,weakness,true
passages_train_4232,sw,Mtoto wa noor hatapiki siku 5,vomiting,true
passages_train_4233,mix,hakunywa chochote kwa siku moja,ds_cannot_drink,true
passages_train_4234,sw,Mtoto wake amechoka sana kila anachokula anatapika,ds_vomits_everything;vomiting;weakness,true
passages_train_4235,sw,usingizi mzito homa tangu juzi,ds_lethargic;fever,true
passages_train_4236,en,no cough for 1 week,cough,true
passages_train_4237,mix,kukohoa sana siku 5,cough,true
passages_train_4238,sw,bibi kila anachokula anatapika,ds_vomits_everything;vomiting,true
passages_train_4239,sw,hawezi kunywa,ds_cannot_drink,true
passages_train_4240,sw,mtoto: hana maumivu tangu juzi,pain,true
passages_train_4241,mix,tumbo linauma,pain,true
passages_train_4242,sw,mtoto wa Noor kichwa kinauma,pain,true
passages_train_4243,sw,kikohozi tangu juzi,cough,true
passages_train_4244,sw,kila anachokula anatapika kutapika tangu juzi,ds_vomits_everything;vomiting,true
passages_train_4245,mix,kukohoa sana,cough,true
passages_train_4246,sw,wamepanda maharagwe,,true
passages_train_4247,mix,no cough,cough,true
passages_train_4248,sw,msichana degedege,ds_convulsions,true
passages_train_4249,sw,mama anauza maziwa sokoni,,true
passages_train_4250,mix,Convulsions,ds_convulsions,true
passages_train_4251,sw,familia ina shamba la mahindi,,true
passages_train_4252,mix,Amani: alipata degedege kwa siku tano,ds_convulsions,true
passages_train_4253,sw,msichana: anatapika kila kitu,ds_vomits_everything;vomiting,true
passages_train_4254,mix,had convulsions,ds_convulsions,true
passages_train_4255,sw,hana nguvu,weakness,true
passages_train_4256,sw,ana kikohozi / usingizi mzito siku 2,cough;ds_lethargic,true
passages_train_4257,sw,dhaifu + usingizi mzito tangu jana,ds_lethargic;weakness,true
passages_train_4258,sw,Kikohozi kikali siku tatu,cough,true
passages_train_4259,sw,msichana ana homa tangu jana,fever,true
passages_train_4260,sw,leo mvua imenyesha sana,,true
passages_train_4261,en,coffee price went up,,true
passages_train_4262,en,the child: not vomiting x3 days,vomiting,true
passages_train_4263,mix,convulsions x2 adys,ds_convulsions,true
passages_train_4264,en,The child not weak x3 days,weakness,true
passages_train_4265,sw,nimepita kwa nyumba ya jirani,,true
passages_train_4266,sw,mnyonge kwa siku tatu,weakness,true
passages_train_4267,sw,mvulana: alipata degedege,ds_convulsions,true
passages_train_4268,sw,Homa kali tangu juzi,fever,true
passages_train_4269,mix,throws up everything tangu jana,ds_vomits_everything;vomiting,true
passages_train_4270,mix,The boy: no energy / alert for 1 week,weakness,true
passages_train_4271,sw,mtoto ana kikohozi,cough,true
passages_train_4272,mix,No fever tangu jana,fever,true
passages_train_4273,mix,vomited 5 days,vomiting,true
passages_train_4274,en,Amani: fever,fever,true
passages_train_4275,en,Cough since yesterday,cough,true
passages_train_4276,sw,amekataa kunyonya anaendesha,diarrhoea;ds_cannot_drink,true
passages_train_4277,sw,maumivu wiki moja,pain,true
passages_train_4278,en,the girl not weak,weakness,true
passages_train_4279,en,mother sells milk at the market,,true
passages_train_4280,en,child: very weak 4 days,weakness,true
passages_train_4281,sw,Mtoto: anatapika kla kitu wiki moja,ds_vomits_everything;vomiting,true
passages_train_4282,sw,familia ina shamba la mahindi,,true
passages_train_4283,sw,msichana: mwili una joto siku mbili,fever,true
passages_train_4284,sw,mama yake choo cha maji siku nne,diarrhoea,true
passages_train_4285,sw,hajaharisha,diarrhoea,true
passages_train_4286,en,has fever,fever,true
passages_train_4287,en,Amani: fits x4 days,ds_convulsions,true
passages_train_4288,sw,baba hakuwa na degedege,,true
passages_train_4289,en,hot body x4 days,fever,true
passages_train_4290,mix,baby: mwili ulikuwa unatetemeka,ds_convulsions,true
passages_train_4291,sw,mama yake homa / kichwa kinauma wiki moja,fever;pain,true
passages_train_4292,sw,Amani hawezi kunyonya,ds_cannot_drink,true
passages_train_4293,sw,tutarudi wiki ijayo kwa ziara,,true
passages_train_4294,en,child has fever,fever,true
passages_train_4295,sw,mtoto wa Noor: mnyonge,weakness,true
passages_train_4296,en,child had convulsions / lethargic for 1 week,ds_convulsions;ds_lethargic,true
passages_train_4297,sw,Mama kutapika mara moja siku moja,vomiting,true
passages_train_4298,en,vomitig everything,ds_vomits_everything;vomiting,true
passages_train_4299,sw,mtoto wa Noor kutapika siku 3,vomiting,true
passages_train_4300,sw,si dhaifu wiki moja,weakness,true
passages_train_4301,sw,nyumba ina maji safi,,true
passages_train_4302,sw,Amelegea siku moja,ds_lethargic,true
passages_train_4303,sw,kutapika mara moja tangu juzi,vomiting,true
passages_train_4304,sw,Ana kikohozi siku tano,cough,true
passages_train_4305,sw,Mtoto wa noor: anaugua homa kwa siku tatu,fever,true
passages_train_4306,mix,Ktuapika,vomiting,true
passages_train_4307,sw,Hana kikhozi wiki moja,cough,true
passages_train_4308,sw,mtoto wake: ana degedege,ds_convulsions,true
passages_train_4309,en,throws up everything not weak since yesterday,ds_vomits_everything;vomiting;weakness,true
passages_train_4310,sw,Amani: maummivu ya tumbo,pain,true
passages_train_4311,en,routine household visit,,true
passages_train_4312,mix,vomiting siku nne,vomiting,true
passages_train_4313,sw,mtoto wa Noor mwili una joto siku moja,fever,true
passages_train_4314,sw,mnyonge,weakness,true
passages_train_4315,sw,degedege wiki moja,ds_convulsions,true
passages_train_4316,sw,kichwa kinauma,pain,true
passages_train_4317,sw,Hawezi kunyonya,ds_cannot_drink,true
passages_train_4318,mix,The girl: amechoka sana,weakness,true
passages_train_4319,en,Baby convulsoins,ds_convulsions,true
passages_train_4320,sw,kikohozi,cough,true
passages_train_4321,en,high fever since yesterday,fever,true
passages_train_4322,en,had convulsions,ds_convulsions,true
passages_train_4323,sw,degedege + anaendesha,diarrhoea;ds_convulsions,true
passages_train_4324,sw,amezimia,ds_lethargic,true
passages_train_4325,sw,mtoto: maumivu,pain,true
passages_train_4326,sw,tulizungumza kuhusu kahawa,,true
passages_train_4327,sw,Msichana: tumbo haliumi,pain,true
passages_train_4328,sw,hakuwa na degedege yuko macho tangu jana,,true
passages_train_4329,sw,wamepanda maharagwe,,true
passages_train_4330,en,Vomiting everything,ds_vomits_everything;vomiting,true
passages_train_4331,sw,Amani: hakuwa na degedege,,true
passages_train_4332,mix,child: homa,fever,true
passages_train_4333,en,the girl weak,weakness,true
passages_train_4334,en,Has fever,fever,true
passages_train_4335,sw,mtoto joto jingi mwilini,fever,true
passages_train_4336,sw,nimepita kwa nyumba ya jirani,,true
passages_train_4337,sw,tumbo linauma amechoka sana siku nne,pain;weakness,true
passages_train_4338,sw,Haana kuhara,diarrhoea,true
passages_train_4339,sw,Mtoto mnyonge,weakness,true
passages_train_4340,mix,mtoto wake anaugua homa anatapika,fever;vomiting,true
passages_train_4341,en,Cough,cough,true
passages_train_4342,sw,mvulana: hana nguvu,weakness,true
passages_train_4343,en,Lethargic no energy,ds_lethargic;weakness,true
passages_train_4344,sw,nyumba ina maji safi,,true
passages_train_4345,mix,Mma: unable to drink tangu juzi,ds_cannot_drink,true
passages_train_4346,sw,Mtoto wake: choo cha maji tangu jana,diarrhoea,true
passages_train_4347,en,the girl cough,cough,true
passages_train_4348,en,child: very sleepy,ds_lethargic,true
passages_train_4349,mix,Has feever since yesterday,fever,true
passages_train_4350,sw,kukohoa sana wiki moja,cough,true
passages_train_4351,sw,Aani amechoka sana,weakness,true
passages_train_4352,sw,Mtoto wa noor usingizi mzito tangu juzi,ds_lethargic,true
passages_train_4353,sw,Msichana maumivu ya tumbo,pain,true
passages_train_4354,mix,Very sleepy,ds_lethargic,true
passages_train_4355,sw,nimepita kwa nyumba ya jirani,,true
passages_train_4356,mix,mvulana: not able to drink,ds_cannot_drink,true
passages_train_4357,en,bbay no pain since yesterday,pain,true
passages_train_4358,sw,degedege,ds_convulsions,true
passages_train_4359,sw,mvulana: hana nguvu,weakness,true
passages_train_4360,en,Not coughing + unable to drink x2 days,cough;ds_cannot_drink,true
passages_train_4361,mix,unable to breastfeed x4 days,ds_cannot_drink,true
passages_train_4362,sw,anatapika kila anachokunywa siku 5,ds_vomits_everything;vomiting,true
passages_train_4363,sw,mtoto wake hana nguvu tangu juzi,weakness,true
passages_train_4364,mix,alipata degedege,ds_convulsions,true
passages_train_4365,sw,mvulana maumivu sku mbili,pain,true
passages_train_4366,en,The girl: bad cough since yesterday,cough,true
passages_train_4367,sw,Moto wa noor: anaendesha,diarrhoea,true
passages_train_4368,mix,Dhaifu,weakness,true
passages_train_4369,en,The child coughing since yesterday,cough,true
passages_train_4370,en,Chld: not able to drink for 1 week,ds_cannot_drink,true
passages_train_4371,mix,mtoto wa Noor: fits,ds_convulsions,true
passages_train_4372,sw,degedege / kukohoa sana,cough;ds_convulsions,true
passages_train_4373,sw,Kukohoa sana tangu juzi,cough,true
passages_train_4374,en,abby throwing up + throws up everything,ds_vomits_everything;vomiting,true
passages_train_4375,sw,kutapika siku tano,vomiting,true
passages_train_4376,en,can drink,,true
passages_train_4377,sw,Hawezi kuamka siku 2,ds_lethargic,true
passages_train_4378,mix,weak,weakness,true
passages_train_4379,en,grandmother: fever,fever,true
passages_train_4380,en,child cannot drink,ds_cannot_drink,true
passages_train_4381,sw,msicahna si dhaifu tangu juzi,weakness,true
passages_train_4382,sw,hanyonyi,ds_cannot_drink,true
passages_train_4383,mix,anatapika kila kitu,ds_vomits_everything;vomiting,true
passages_train_4384,en,Amani no fits lethargic since yesterday,ds_lethargic,true
passages_train_4385,en,bad cough,cough,true
passages_train_4386,en,had covnulsions / vomited,ds_convulsions;vomiting,true
passages_train_4387,sw,mtoto hajitambui,ds_lethargic,true
passages_train_4388,mix,baby hatapiki for 2 days,vomiting,true
passages_train_4389,sw,mtoo wake kuhara,diarrhoea,true
passages_train_4390,mix,mtoto no energy / maumivu ya kichwa,pain;weakness,true
passages_train_4391,mix,msichana: no convulsions,,true
passages_train_4392,sw,usingizi mzito,ds_lethargic,true
passages_train_4393,sw,mvulana: ana kikohozi siku 3,cough,true
passages_train_4394,sw,Msichana anatapika kila anachokunywa,ds_vomits_everything;vomiting,true
passages_train_4395,mix,baba: vomiting,vomiting,true
passages_train_4396,sw,Mtoto: yuko amcho,,true
passages_train_4397,sw,hanyonyi,ds_cannot_drink,true
passages_train_4398,en,family grows coffee and maize,,true
passages_train_4399,en,does not have fever,fever,true
passages_train_4400,en,throwing up for 2 days,vomiting,true
passages_train_4401,en,discussed the vaccination card,,true
passages_train_4402,en,coffee price went up,,true
passages_train_4403,en,denies pain / vomits everything for 1 week,ds_vomits_everything;pain;vomiting,true
passages_train_4404,sw,Mtoto: alipata degedege tangu jana,ds_convulsions,true
passages_train_4405,mix,the child: kutapika mara moja x1 days,vomiting,true
passages_train_4406,sw,hajitambui,ds_lethargic,true
passages_train_4407,mix,Amani: hakunywa chochote wiki moja,ds_cannot_drink,true
passages_train_4408,sw,msichana: hajitambui tangu juzi,ds_lethargic,true
passages_train_4409,en,family grows coffee and maize,,true
passages_train_4410,en,child high fever,fever,true
passages_train_4411,en,breastfeeding well,,true
passages_train_4412,en,the child vomiting,vomiting,true
passages_train_4413,sw,mvulana: kukohoa sana ananyonya vizuri siku nne,cough,true
passages_train_4414,mix,vomited since yesterday,vomiting,true
passages_train_4415,mix,anatapika klia anachokunywa,ds_vomits_everything;vomiting,true
passages_train_4416,en,Had convulsions,ds_convulsions,true
passages_train_4417,sw,Anaendesha siku 4,diarrhoea,true
passages_train_4418,sw,tumbo linauma,pain,true
passages_train_4419,sw,watoto wako shuleni,,true
passages_train_4420,en,Lethargic / not able to drink for 3 days,ds_cannot_drink;ds_lethargic,true
passages_train_4421,sw,maumivu ya kichwa + mwili ulikuwa unatetemeka kwa siku tano,ds_convulsions;pain,true
passages_train_4422,sw,anaendesha,diarrhoea,true
passages_train_4423,mix,Baby vomiting everything 1 days,ds_vomits_everything;vomiting,true
passages_train_4424,en,cough x1 days,cough,true
passages_train_4425,mix,headache,pain,true
passages_train_4426,sw,Msichana anatapika kila kitu tangu juzi,ds_vomits_everything;vomiting,true
passages_train_4427,mix,Not weak for 5 days,weakness,true
passages_train_4428,en,Amani: bad cough,cough,true
passages_train_4429,mix,Amani pain,pain,true
passages_train_4430,sw,mtoto wake: degedege,ds_convulsions,true
passages_train_4431,en,visited the household this morning,,true
passages_train_4432,sw,msichana alipata degedege,ds_convulsions,true
passages_train_4433,sw,Amani choo cha maji wiki moja,diarrhoea,true
passages_train_4434,sw,mtoto wa Noor anakohoa tangu juzi,cough,true
passages_train_4435,sw,mtoto wa Noor hakuwa na degedege tangu juzi,,true
passages_train_4436,mix,mwili ulikuwa unatetemeka,ds_convulsions,true
passages_train_4437,en,hard to wake,ds_lethargic,true
passages_train_4438,sw,Amani kila anachokula anatapika,ds_vomits_everything;vomiting,true
passages_train_4439,sw,Mtoto wa noor ana kikohozi wiki moja,cough,true
passages_train_4440,en,weak + had convulsions for 1 week,ds_convulsions;weakness,true
passages_train_4441,sw,watoto wako shuleni,,true
passages_train_4442,en,diarrhea,diarrhoea,true
passages_train_4443,en,The boy vomited / has fever,fever;vomiting,true
passages_train_4444,en,Baby: does not have fever,fever,true
passages_train_4445,en,grandmother no diarrhoea since yesterday,diarrhoea,true
passages_train_4446,en,grandmother: hard to wake x5 days,ds_lethargic,true
passages_train_4447,sw,nyumba ina maji safi,,true
passages_train_4448,sw,leo mvua mienyesha sana,,true
passages_train_4449,en,children are at school,,true
passages_train_4450,mix,No energy,weakness,true
passages_train_4451,sw,msichana anakunywa vizuri siku moja,,true
passages_train_4452,sw,familia ina shamba la mahindi,,true
passages_train_4453,sw,Mvulana usingizi mzito tangu juzi,ds_lethargic,true
passages_train_4454,sw,barabara ni mbaya baada ya mvua,,true
passages_train_4455,sw,anatapika kila kitu kwa siku nne,ds_vomits_everything;vomiting,true
passages_train_4456,sw,watoto wako shuleni,,true
passages_train_4457,mix,Kutapika mara moja,vomiting,true
passages_train_4458,mix,mnyonge since yesterday,weakness,true
passages_train_4459,en,vomiting,vomiting,true
passages_train_4460,en,the boy throwing up,vomiting,true
passages_train_4461,sw,Degedege / hakuna homa kwa siku tatu,ds_convulsions;fever,true
passages_train_4462,sw,nyumba ina maji safi,,true
passages_train_4463,sw,Tumbo linauma,pain,true
passages_train_4464,sw,Mwili ulikuwa unatetemeka tangu juzi,ds_convulsions,true
passages_train_4465,sw,Hawezi kunyonya siku 1,ds_cannot_drink,true
passages_train_4466,sw,Amani: anatapika kila kitu sikku tano,ds_vomits_everything;vomiting,true
passages_train_4467,en,vey weak 5 days,weakness,true
passages_train_4468,mix,Throwing up since yesterday,vomiting,true
passages_train_4469,en,The girl: fever / throwing up,fever;vomiting,true
passages_train_4470,sw,kuhara,diarrhoea,true
passages_train_4471,en,had convulsions 1 days,ds_convulsions,true
passages_train_4472,sw,tutarudi wiki ijayyo kwa ziara,,true
passages_train_4473,sw,hawzei kuamka,ds_lethargic,true
passages_train_4474,sw,wattoo wako shuleni,,true
passages_train_4475,sw,kutapika + anatapika kila anachokunywa,ds_vomits_everything;vomiting,true
passages_train_4476,sw,msichana: kuharisha,diarrhoea,true
passages_train_4477,mix,mvulana very sleepy,ds_lethargic,true
passages_train_4478,sw,barabara ni mbaya baada ya mvua,,true
passages_train_4479,sw,Amani kichwa kinauma anatapika kila anachokunywa wiki moja,ds_vomits_everything;pain;vomiting,true
passages_train_4480,mix,child muamivu,pain,true
passages_train_4481,sw,Mtoto wa noor hana nguvu hakunywa chochote wiki moja,ds_cannot_drink;weakness,true
passages_train_4482,sw,mvulana: mwili una joto tangu jana,fever,true
passages_train_4483,en,Coughng,cough,true
passages_train_4484,sw,mtoto wa Noor: hana homa siku 2,fever,true
passages_train_4485,sw,tulizungumza kuhusu kahawa,,true
passages_train_4486,sw,Msichana anaendesha siku tano,diarrhoea,true
passages_train_4487,mix,mtoto wake: cough,cough,true
passages_train_4488,mix,bad ocugh,cough,true
passages_train_4489,sw,mwili ulikuwa unatetemeka,ds_convulsions,true
passages_train_4490,mix,Hakunywa chochote since yesterday,ds_cannot_drink,true
passages_train_4491,sw,mvulana homa tangu juzi,fever,true
passages_train_4492,sw,Mvulana: anatapika kila anachokunywa,ds_vomits_everything;vomiting,true
passages_train_4493,sw,nyumba ina maji safi,,true
passages_train_4494,sw,haharishi tangu juzi,diarrhoea,true
passages_train_4495,mix,Choo cha maji,diarrhoea,true
passages_train_4496,mix,Mtoto wa noor hana nguvu,weakness,true
passages_train_4497,sw,alipata degedege + ana kikohozi siku 2,cough;ds_convulsions,true
passages_train_4498,mix,msiichana kichwa kinauma,pain,true
passages_train_4499,sw,watoto wako shuleni,,true
passages_train_4500,sw,Amani: mwili ulikuwa unatetemeka,ds_convulsions,true
passages_train_4501,sw,watoto wako shuleni,,true
passages_train_4502,en,Vomiting everything 4 days,ds_vomits_everything;vomiting,true
passages_train_4503,mix,mama yake: homa tangu jana,fever,true
passages_train_4504,sw,anatapika kila anachokunywa,ds_vomits_everything;vomiting,true
passages_train_4505,sw,watoto wako shuleni,,true
passages_train_4506,sw,msichana homa wiki moja,fever,true
passages_train_4507,en,Amani: no convulsions,,true
passages_train_4508,mix,jirani: kikohozi kikli,cough,true
passages_train_4509,sw,kichwa kinauma tangu juzi,pain,true
passages_train_4510,sw,familia ina shamba la mahindi,,true
passages_train_4511,en,Baby had convulsions 2 days,ds_convulsions,true
passages_train_4512,sw,homa kali siku nne,fever,true
passages_train_4513,sw,Amani: hawezi kunywa,ds_cannot_drink,true
passages_train_4514,sw,mama maumivu / ametapika tangu juzi,pain;vomiting,true
passages_train_4515,en,the girl unable to breastfeed,ds_cannot_drink,true
passages_train_4516,en,The child: drinking well for 2 days,,true
passages_train_4517,sw,Usingizi mzzito,ds_lethargic,true
passages_train_4518,sw,Amani amezimia,ds_lethargic,true
passages_train_4519,mix,The gril homa kali tangu juzi,fever,true
passages_train_4520,mix,Baby: stomach pain for 1 week,pain,true
passages_train_4521,en,coffee price weent up,,true
passages_train_4522,sw,nimepita kwa nyumba ya jirani,,true
passages_train_4523,sw,amezimia,ds_lethargic,true
passages_train_4524,mix,mtoto wa Noor: unable to drink,ds_cannot_drink,true
passages_train_4525,sw,kikohozi kikali,cough,true
passages_train_4526,sw,kikohozi kikali tangu juzi,cough,true
passages_train_4527,sw,nimepita kwa nyumba ya jirani,,true
passages_train_4528,mix,The boy unconscious wiki moja,ds_lethargic,true
passages_train_4529,en,The boy throwing up since yesterday,vomiting,true
passages_train_4530,mix,Kikohozi,cough,true
passages_train_4531,en,Fits,ds_convulsions,true
passages_train_4532,en,lethargic for 4 days,ds_lethargic,true
passages_train_4533,mix,vomiting eveyrthing,ds_vomits_everything;vomiting,true
passages_train_4534,mix,child: mnyonge,weakness,true
passages_train_4535,mix,running stomach siku moja,diarrhoea,true
passages_train_4536,en,visited the household this morning,,true
passages_train_4537,sw,mama anauza maziwa sokoni,,true
passages_train_4538,mix,Hakuwa na degedegge,,true
passages_train_4539,sw,Amani: kuhara siku 1,diarrhoea,true
passages_train_4540,sw,anaendesha,diarrhoea,true
passages_train_4541,en,Diarrhea,diarrhoea,true
passages_train_4542,en,not able to drink 2 days,ds_cannot_drink,true
passages_train_4543,en,throws up everything,ds_vomits_everything;vomiting,true
passages_train_4544,sw,tutaruudi wiki ijayo kwa ziara,,true
passages_train_4545,sw,nimepita kwa nyumba ya jirani,,true
passages_train_4546,en,no cough since yesterday,cough,true
passages_train_4547,en,Amani unconscious for 4 days,ds_lethargic,true
passages_train_4548,sw,Mtotto wa noor: homa kali,fever,true
passages_train_4549,mix,Hajitambui for 1 week,ds_lethargic,true
passages_train_4550,mix,Mtoto: amechoka sana,weakness,true
passages_train_4551,sw,Tumbo haliumi tangu ujzi,pain,true
passages_train_4552,sw,Anaendesha,diarrhoea,true
passages_train_4553,mix,father alert since yesterday,,true
passages_train_4554,en,the child: hot body,fever,true
passages_train_4555,en,fits,ds_convulsions,true
passages_train_4556,sw,watoto wako shuleni,,true
passages_train_4557,sw,Ana kikohozi anatapika kila kitu,cough;ds_vomits_everything;vomiting,true
passages_train_4558,en,mother sells mlik at the market,,true
passages_train_4559,sw,Amani: kikohozi,cough,true
passages_train_4560,sw,Msichana kila anachokula anatapika kwa siku nne,ds_vomits_everything;vomiting,true
passages_train_4561,sw,nimepita kwa nyumba ya jirani,,true
passages_train_4562,sw,mama anauza maziwa sokoni,,true
passages_train_4563,en,follow up visit planend,,true
passages_train_4564,sw,anaweza kunywa tangu juzi,,true
passages_train_4565,mix,Diarrhea + homa,diarrhoea;fever,true
passages_train_4566,sw,hakuwa na degedege,,true
passages_train_4567,sw,leo mvua imenyesha sana,,true
passages_train_4568,sw,Mtoto wake ana kikohozi / tumbo linauma kwa siku mbili,cough;pain,true
passages_train_4569,sw,choo cha maji tangu juzi,diarrhoea,true
passages_train_4570,en,Father: very sleepy,ds_lethargic,true
passages_train_4571,sw,mtoto wa Noor: anaweza kunywa,,true
passages_train_4572,mix,Child: hanyonyi since yesterday,ds_cannot_drink,true
passages_train_4573,sw,mama anauza maziwa sokoni,,true
passages_train_4574,en,the boy hard to wake / had convulsions for 1 week,ds_convulsions;ds_lethargic,true
passages_train_4575,en,very weak,weakness,true
passages_train_4576,mix,unable to drink kwa siku moja,ds_cannot_drink,true
passages_train_4577,sw,amechoka sana + hakohoi siku mbili,cough;weakness,true
passages_train_4578,en,the child not able to drink + does not have fevr,ds_cannot_drink;fever,true
passages_train_4579,mix,Amani: usingizi mzito since yesterday,ds_lethargic,true
passages_train_4580,mix,Maumivu ya tumbo for 1 week,pain,true
passages_train_4581,sw,mtoot: hawezi kuamka,ds_lethargic,true
passages_train_4582,sw,kutapika mara moja,vomiting,true
passages_train_4583,mix,the boy: kukohoa sana,cough,true
passages_train_4584,en,Baby: vomits everything,ds_vomits_everything;vomiting,true
passages_train_4585,en,routine household visit,,true
passages_train_4586,en,No diarrhea x5 das,diarrhoea,true
passages_train_4587,en,water point is far,,true
passages_train_4588,sw,si dhaifu siku tano,weakness,true
passages_train_4589,mix,msichana: hana nguvu siku mbili,weakness,true
passages_train_4590,sw,ametapika,vomiting,true
passages_train_4591,sw,leo mua imenyesha sana,,true
passages_train_4592,sw,watoto wako shuleni,,true
passages_train_4593,mix,the child: vomits everything siku 5,ds_vomits_everything;vomiting,true
passages_train_4594,mix,Amani anakohoa,cough,true
passages_train_4595,en,child stomach pain for 5 days,pain,true
passages_train_4596,mix,the child: fits,ds_convulsions,true
passages_train_4597,en,weak vomitts everything x3 days,ds_vomits_everything;vomiting;weakness,true
passages_train_4598,en,convulsions since yesterday,ds_convulsions,true
passages_train_4599,sw,barabara ni mbaya baada ya mvua,,true
passages_train_4600,sw,leo mvua imenyesha sana,,true
passages_train_4601,mix,mama: throwing up for 1 week,vomiting,true
passages_train_4602,sw,Msichana: choo cha maji siku tano,diarrhoea,true
passages_train_4603,mix,yuko macho / very weak kwa siku mbili,weakness,true
passages_train_4604,mix,Amani hana kuhara,diarrhoea,true
passages_train_4605,sw,watoto wako shuleni,,true
passages_train_4606,sw,si dhaifu kwa siku tano,weakness,true
passages_train_4607,sw,wamepanda maharagwe,,true
passages_train_4608,en,no cough x5 days,cough,true
passages_train_4609,sw,mtoto kutapika kwa siku tatu,vomiting,true
passages_train_4610,sw,anatapika kiila anachokunywa wiki moja,ds_vomits_everything;vomiting,true
passages_train_4611,sw,mvulana hajaharisha,diarrhoea,true
passages_train_4612,en,Amani: no diarrhea no paain,diarrhoea;pain,true
passages_train_4613,sw,kuharisha,diarrhoea,true
passages_train_4614,sw,kuharisha,diarrhoea,true
passages_train_4615,en,Amani running stomach for 3 days,diarrhoea,true
passages_train_4616,sw,Amani hawezi kunyonya,ds_cannot_drink,true
passages_train_4617,mix,hot body,fever,true
passages_train_4618,mix,mvulana: throws up everything,ds_vomits_everything;vomiting,true
passages_train_4619,sw,bibi mwili ulikuwa unatetemeka siku taano,ds_convulsions,true
passages_train_4620,mix,the boy: kukohoa sana / anaugua homa siku nne,cough;fever,true
passages_train_4621,sw,msichana joto jingi mwilini kwa siku tatu,fever,true
passages_train_4622,en,weak / fever x1 days,fever;weakness,true
passages_train_4623,en,no paain,pain,true
passages_train_4624,mix,joto jingi mwilini,fever,true
passages_train_4625,sw,anatapika kila anachokunywa,ds_vomits_everything;vomiting,true
passages_train_4626,mix,Kila anachokula anatapika,ds_vomits_everything;vomiting,true
passages_train_4627,en,the road was muddy,,true
passages_train_4628,mix,Si dhaifu,weakness,true
passages_train_4629,sw,mtoto wa Noor hana nguvu tangu jana,weakness,true
passages_train_4630,sw,Msichana amekataa kunyonya,ds_cannot_drink,true
passages_train_4631,sw,Amani: kutapika mara moja siku mbili,vomiting,true
passages_train_4632,sw,tutarudi wiki ijayo kwa ziara,,true
passages_train_4633,en,Baby coughing 4 daays,cough,true
passages_train_4634,mix,Mtoto wake abdominal pain x3 days,pain,true
passages_train_4635,en,cannot drink since yesterday,ds_cannot_drink,true
passages_train_4636,sw,tulizungumza kuhusu kahawa,,true
passages_train_4637,sw,mtoto wa Noor: mwili ulikuwa unatetemeka siku nne,ds_convulsions,true
passages_train_4638,mix,the boy: headache / mnyonge,pain;weakness,true
passages_train_4639,sw,mtoto wake: amelegea hakuwa na degedege,ds_lethargic,true
passages_train_4640,sw,hana nguvu hajitambui kwa siku moja,ds_lethargic;weakness,true
passages_train_4641,mix,amechoka sana,weakness,true
passages_train_4642,sw,msichana: maumivu ya kichwa + anatapika kila kitu,ds_vomits_everything;pain;vomiting,true
passages_train_4643,sw,mtoto wake: dhaifu wiki moja,weakness,true
passages_train_4644,sw,tutarudi wiki ijayo kwa ziara,,true
passages_train_4645,mix,Amani not able to drink,ds_cannot_drink,true
passages_train_4646,en,Amani: cough,cough,true
passages_train_4647,en,the girl cannot drink cough for 3 days,cough;ds_cannot_drink,true
passages_train_4648,sw,msichana: hma kali,fever,true
passages_train_4649,sw,amezimia,ds_lethargic,true
passages_train_4650,en,routine household visit,,true
passages_train_4651,mix,The byo: hana nguvu,weakness,true
passages_train_4652,en,very weak,weakness,true
passages_train_4653,sw,kila anachokula anatapika tangu juzi,ds_vomits_everything;vomiting,true
passages_train_4654,mix,Mvulana: diarrhoea + convulsions,diarrhoea;ds_convulsions,true
passages_train_4655,en,unconscious,ds_lethargic,true
passages_train_4656,mix,child kifafa,ds_convulsions,true
passages_train_4657,sw,mvulana anaendesha,diarrhoea,true
passages_train_4658,sw,anatapika kila anachokunywa,ds_vomits_everything;vomiting,true
passages_train_4659,mix,very weak,weakness,true
passages_train_4660,sw,ana degedege tangu jana,ds_convulsions,true
passages_train_4661,sw,ana degedege anatapika ikla anachokunywa tangu juzi,ds_convulsions;ds_vomits_everything;vomiting,true
passages_train_4662,en,weeak / denies pain,pain;weakness,true
passages_train_4663,mix,Maumivu ya kichwa ana degedege for 1 days,ds_convulsions;pain,true
passages_train_4664,sw,wamepanda maharagwe,,true
passages_train_4665,en,the boy: hot body x3 dyas,fever,true
passages_train_4666,en,the boy convulsions since yesterday,ds_convulsions,true
passages_train_4667,sw,mtoto: alipata degedege kwa siku nne,ds_convulsions,true
passages_train_4668,sw,Mtoto: hawezi kuamka / kuharisha,diarrhoea;ds_lethargic,true
passages_train_4669,sw,mtoto wake maumivu tangu juzi,pain,true
passages_train_4670,mix,Kikohozi,cough,true
passages_train_4671,sw,Hakunywa chochtoe,ds_cannot_drink,true
passages_train_4672,mix,jirani tumbo linauma,pain,true
passages_train_4673,mix,mttoo wake kifafa / kuharisha since yesterday,diarrhoea;ds_convulsions,true
passages_train_4674,en,the girl ftis,ds_convulsions,true
passages_train_4675,en,discussed the vaccination card,,true
passages_train_4676,sw,dhaifu,weakness,true
passages_train_4677,en,the child: stomach paain,pain,true
passages_train_4678,sw,Mtoto hawezi kuamka mnyonge,ds_lethargic;weakness,true
passages_train_4679,mix,Mtot: kuharisha,diarrhoea,true
passages_train_4680,mix,mama yake: unable to drink,ds_cannot_drink,true
passages_train_4681,mix,Kichwa kinauma,pain,true
passages_train_4682,en,thrrows up everything,ds_vomits_everything;vomiting,true
passages_train_4683,sw,barabara ni mbaya baadda ya mvua,,true
passages_train_4684,en,the boy: coughing for 1 week,cough,true
passages_train_4685,sw,mvulana mwili ulikuwa unatetemeka / kila anachokula anatapika,ds_convulsions;ds_vomits_everything;vomiting,true
passages_train_4686,sw,Amai: kutapika wiki moja,vomiting,true
passages_train_4687,sw,Amani: kutapika wiki moja,vomiting,true
passages_train_4688,en,family grows coffee and maize,,true
passages_train_4689,sw,mtoto hawezi kuamka siku mbili,ds_lethargic,true
passages_train_4690,sw,bibi anatapika anaweza kunywa,vomiting,true
passages_train_4691,mix,stomach pain siku tano,pain,true
passages_train_4692,sw,msichana choo cha maji,diarrhoea,true
passages_train_4693,sw,mvulana hajaharisha,diarrhoea,true
passages_train_4694,sw,anaendesha / hakuwa na degedege tangu jana,diarrhoea,true
passages_train_4695,sw,anaharisha,diarrhoea,true
passages_train_4696,mix,the child throws up everything,ds_vomits_everything;vomiting,true
passages_train_4697,sw,hana nguvu,weakness,true
passages_train_4698,en,Amani throws up everything x2 days,ds_vomits_everything;vomiting,true
passages_train_4699,sw,Mtoto wa noor ana kikohozi / si dhaifu,cough;weakness,true
passages_train_4700,sw,mtoto: kukohoa sana wiki moja,cough,true
passages_train_4701,en,child diarrhea for 4 days,diarrhoea,true
passages_train_4702,sw,Amani: alipata degedege,ds_convulsions,true
passages_train_4703,en,high feer,fever,true
passages_train_4704,sw,Choo cha maji wiki moja,diarrhoea,true
passages_train_4705,sw,mama anauza maziwa sokoni,,true
passages_train_4706,mix,maumivu,pain,true
passages_train_4707,sw,Mvulana: anaendesha,diarrhoea,true
passages_train_4708,en,diarrhoea,diarrhoea,true
passages_train_4709,mix,mtoto: hana kikohozi 3 days,cough,true
passages_train_4710,sw,Homa,fever,true
passages_train_4711,en,Amani abdominal pain since yesterday,pain,true
passages_train_4712,en,Fits,ds_convulsions,true
passages_train_4713,mix,The girl vomiting,vomiting,true
passages_train_4714,sw,mtoto wake hatapiki wiki moja,vomiting,true
passages_train_4715,sw,ananyonya vizuri siku 1,,true
passages_train_4716,mix,throws up everything tangu jana,ds_vomits_everything;vomiting,true
passages_train_4717,mix,child: mwili ulikuwa unatetemeka 2 days,ds_convulsions,true
passages_train_4718,mix,hnaa nguvu,weakness,true
passages_train_4719,en,visited the household this morning,,true
passages_train_4720,sw,Anacheza vizuri siku 3,,true
passages_train_4721,sw,nyumba ina maji safi,,true
passages_train_4722,sw,mama anauza maziwa sokoni,,true
passages_train_4723,sw,mtoto: hakuna homma siku mbili,fever,true
passages_train_4724,en,unable to drink,ds_cannot_drink,true
passages_train_4725,sw,mtoto: kikohozi,cough,true
passages_train_4726,sw,Tumbo haliumi kwa siku tano,pain,true
passages_train_4727,mix,mtoto wake: anaendesha,diarrhoea,true
passages_train_4728,en,Amani no diarrhea,diarrhoea,true
passages_train_4729,sw,familia ina shamba la mahindi,,true
passages_train_4730,en,Vomits everything,ds_vomits_everything;vomiting,true
passages_train_4731,sw,tutarudi wiki ijayo kwa ziiara,,true
passages_train_4732,mix,Amezimia,ds_lethargic,true
passages_train_4733,en,The boy has fever since yesterday,fever,true
passages_train_4734,mix,vomiting everything,ds_vomits_everything;vomiting,true
passages_train_4735,sw,mtoto wake hana kikohozi siku 2,cough,true
passages_train_4736,en,family grows coffee and maze,,true
passages_train_4737,sw,Hawezi kunyonya,ds_cannot_drink,true
passages_train_4738,en,very weak / high feer for 3 days,fever;weakness,true
passages_train_4739,sw,Jirani: hanyonyi tangu jana,ds_cannot_drink,true
passages_train_4740,mix,ana homa,fever,true
passages_train_4741,sw,mvulana amekataa kunyonya siku tatu,ds_cannot_drink,true
passages_train_4742,sw,mvulana kikohozi kikali tangu juzi,cough,true
passages_train_4743,en,the child convulsions 4 days,ds_convulsions,true
passages_train_4744,mix,mvulana: anatapika,vomiting,true
passages_train_4745,mix,Not weak coughing x4 days,cough;weakness,true
passages_train_4746,mix,Amani maumivu,pain,true
passages_train_4747,en,hard to wake for 3 days,ds_lethargic,true
passages_train_4748,sw,mvulana kifafa siku tatu,ds_convulsions,true
passages_train_4749,sw,Mtoto: usingizi mzito siku 5,ds_lethargic,true
passages_train_4750,sw,watoto wako shuleni,,true
passages_train_4751,en,baby not weak + diarrhea,diarrhoea;weakness,true
passages_train_4752,mix,The girl stomach pain for 1 week,pain,true
passages_train_4753,mix,the boy: amekataa kunyonya since yesterday,ds_cannot_drink,true
passages_train_4754,sw,wamepanda maharagwe,,true
passages_train_4755,en,the child: vomiting,vomiting,true
passages_train_4756,sw,hana kikohozi tubmo linauma,cough;pain,true
passages_train_4757,sw,anatapika kila kitu + amechoka sana,ds_vomits_everything;vomiting;weakness,true
passages_train_4758,sw,Msichana anatapika,vomiting,true
passages_train_4759,en,coguhing,cough,true
passages_train_4760,en,mother sells milk at the market,,true
passages_train_4761,sw,mtoto wake: hakohoi siku tano,cough,true
passages_train_4762,sw,Hakunywa chochote wiki moja,ds_cannot_drink,true
passages_train_4763,sw,mnyonge skiu 2,weakness,true
passages_train_4764,mix,baby: hajatapika,vomiting,true
passages_train_4765,sw,mtoto hanyonyi,ds_cannot_drink,true
passages_train_4766,sw,mtoto hakuna homa,fever,true
passages_train_4767,sw,mtoto wake: amezimia,ds_lethargic,true
passages_train_4768,sw,hana nguvu tangu jana,weakness,true
passages_train_4769,sw,Mtoto wa noor: tumbo linauma,pain,true
passages_train_4770,sw,hanyonyi,ds_cannot_drink,true
passages_train_4771,sw,mvulana: kukohoa sana tangu jana,cough,true
passages_train_4772,sw,Mtoto kutapika,vomiting,true
passages_train_4773,en,Diarrhoea,diarrhoea,true
passages_train_4774,sw,dhaifu kwa siku mbili,weakness,true
passages_train_4775,sw,Maumivu ya kihcwa hajaharisha siku mbili,diarrhoea;pain,true
passages_train_4776,mix,mnyonge wiki moja,weakness,true
passages_train_4777,sw,usingizi mzito / hakohoi,cough;ds_lethargic,true
passages_train_4778,sw,Mtoto wa noor: anakohoa wiki moja,cough,true
passages_train_4779,sw,leo mvua imenyesha sana,,true
passages_train_4780,sw,Mvulana ana degedege + si dhaaifu,ds_convulsions;weakness,true
passages_train_4781,mix,msichana: running stomach tangu juzi,diarrhoea,true
passages_train_4782,sw,Amani anatapika kila kitu,ds_vomits_everything;vomiting,true
passages_train_4783,en,Diarrhea,diarrhoea,true
passages_train_4784,sw,amelegea siku moja,ds_lethargic,true
passages_train_4785,en,unconscious for 3 days,ds_lethargic,true
passages_train_4786,sw,billa homa,fever,true
passages_train_4787,en,the boy: no diarrhoea for 5 days,diarrhoea,true
passages_train_4788,sw,tMoto wake: si dhaifu tangu jana,weakness,true
passages_train_4789,en,very weak,weakness,true
passages_train_4790,sw,mvulana maumivu ya kichwa,pain,true
passages_train_4791,mix,kikohozi tangu jna,cough,true
passages_train_4792,sw,Hakunywa chochote + hajaharisha,diarrhoea;ds_cannot_drink,true
passages_train_4793,sw,kila anachokula anatapika,ds_vomits_everything;vomiting,true
passages_train_4794,mix,Amechoka sana 1 days,weakness,true
passages_train_4795,mix,mvulana: weak / haharishi,diarrhoea;weakness,true
passages_train_4796,sw,mama yake: anatapika kila anachokunywa,ds_vomits_everything;vomiting,true
passages_train_4797,mix,choo cha maji 2 days,diarrhoea,true
passages_train_4798,sw,mvulana amechoka sana,weakness,true
passages_train_4799,mix,the girl: anatapika kwa siku mbili,vomiting,true
passages_train_4800,en,diarrhoea for 1 week,diarrhoea,true
passages_train_4801,sw,Jirani hanyonyi tangu juzi,ds_cannot_drink,true
passages_train_4802,sw,Mtoto wake: ana kikohozi tangu juzi,cough,true
passages_train_4803,sw,Amani ana kikohozi,cough,true
passages_train_4804,en,fits,ds_convulsions,true
passages_train_4805,sw,hakunywa chochote,ds_cannot_drink,true
passages_train_4806,sw,mtoto: hakunywa chochote,ds_cannot_drink,true
passages_train_4807,sw,hajatapika,vomiting,true
passages_train_4808,mix,vomiting,vomiting,true
passages_train_4809,en,Fveer + denies pain 4 days,fever;pain,true
passages_train_4810,sw,Hana maumivu,pain,true
passages_train_4811,mix,The girl anaendesha snce yesterday,diarrhoea,true
passages_train_4812,sw,mvulana kila anachokula anatapika tangu juzi,ds_vomits_everything;vomiting,true
passages_train_4813,sw,kila anachokula anatapika siku 3,ds_vomits_everything;vomiting,true
passages_train_4814,sw,msichana kifafa + kila anachokula anatapika,ds_convulsions;ds_vomits_everything;vomiting,true
passages_train_4815,sw,bila homa ahna maumivu,fever;pain,true
passages_train_4816,sw,mtoto wake hakohoi siku 3,cough,true
passages_train_4817,sw,tulizungumza kuhusu kahawa,,true
passages_train_4818,en,Amani: running stomach for 5 days,diarrhoea,true
passages_train_4819,sw,kukohoa sana tangu jana,cough,true
passages_train_4820,sw,Mtoto wake: tumbo linauma,pain,true
passages_train_4821,mix,The boy: cannot drink kwa siku nne,ds_cannot_drink,true
passages_train_4822,sw,msichana anatapika kila kitu,ds_vomits_everything;vomiting,true
passages_train_4823,en,Amani very weak,weakness,true
passages_train_4824,sw,hana kuhara siku 2,diarrhoea,true
passages_train_4825,sw,Amani: anatapika tangu jana,vomiting,true
passages_train_4826,sw,mvulana kikohozi kwa siku tatu,cough,true
passages_train_4827,sw,Amani: hajaharisha,diarrhoea,true
passages_train_4828,sw,leo mvua imenyesha sana,,true
passages_train_4829,en,the child: coughing,cough,true
passages_train_4830,sw,Mtoto wa nooor joto jingi mwilini,fever,true
passages_train_4831,sw,mama anauza maziwa sokoni,,true
passages_train_4832,sw,mtoto dhaifu kwa siku tatu,weakness,true
passages_train_4833,sw,Jirani homa,fever,true
passages_train_4834,sw,wamepanda maharagwe,,true
passages_train_4835,sw,mtoto wa Noor maumivu ya kichwa,pain,true
passages_train_4836,mix,Amani anatapika kila anachokunywa,ds_vomits_everything;vomiting,true
passages_train_4837,sw,Hakuwa na degedege hakunywa chochote,ds_cannot_drink,true
passages_train_4838,sw,msichana: ana degedege,ds_convulsions,true
passages_train_4839,en,high fever,fever,true
passages_train_4840,mix,child alert,,true
passages_train_4841,mix,No diarrhea since yesterday,diarrhoea,true
passages_train_4842,en,the road was muddy,,true
passages_train_4843,sw,anatapika kila anachokunywa wiki moja,ds_vomits_everything;vomiting,true
passages_train_4844,sw,Hajitambui,ds_lethargic,true
passages_train_4845,mix,anakohoa,cough,true
passages_train_4846,sw,barabara ni mbayya baada ya mvua,,true
passages_train_4847,sw,hawezi kuamka,ds_lethargic,true
passages_train_4848,en,baby: alert + hot body,fever,true
passages_train_4849,sw,anakohoa siku bmili,cough,true
passages_train_4850,mix,father had convulsions,ds_convulsions,true
passages_train_4851,mix,kutapika mara moja,vomiting,true
passages_train_4852,sw,hana nguvu siku mbili,weakness,true
passages_train_4853,sw,msichana kuhara,diarrhoea,true
passages_train_4854,sw,mtoto awke hawezi kuamka,ds_lethargic,true
passages_train_4855,en,vomiting / weak,vomiting;weakness,true
passages_train_4856,sw,hawezi kunyonya,ds_cannot_drink,true
passages_train_4857,en,had convulsions snce yesterday,ds_convulsions,true
passages_train_4858,mix,abdominal pain for 1 week,pain,true
passages_train_4859,mix,Running stomach tangu juzi,diarrhoea,true
passages_train_4860,mix,amechoka sana,weakness,true
passages_train_4861,sw,kikohozi kikali + kuhara,cough;diarrhoea,true
passages_train_4862,sw,Mtoto wa noor: anaendesha,diarrhoea,true
passages_train_4863,sw,Kikohozi kwa siku moja,cough,true
passages_train_4864,en,coffee price went up,,true
passages_train_4865,sw,kuhara,diarrhoea,true
passages_train_4866,mix,nAaweza kunywa for 3 days,,true
passages_train_4867,sw,wamepanda maharagwe,,true
passages_train_4868,mix,No convulsions since yesterday,,true
passages_train_4869,mix,Ana degedege tangu jana,ds_convulsions,true
passages_train_4870,sw,mvulana: degedege,ds_convulsions,true
passages_train_4871,en,The child: not able to drink,ds_cannot_drink,true
passages_train_4872,mix,Joto jingi mwilini,fever,true
passages_train_4873,mix,Anatapika kila anachokunywa,ds_vomits_everything;vomiting,true
passages_train_4874,en,diarrhoea 4 days,diarrhoea,true
passages_train_4875,en,no convulsions,,true
passages_train_4876,sw,anacheza vizri kwa siku tano,,true
passages_train_4877,sw,mvulana: ana homa,fever,true
passages_train_4878,en,abdominal pain,pain,true
passages_train_4879,en,Amani: vomits everything,ds_vomits_everything;vomiting,true
passages_train_4880,sw,Choo cha maji,diarrhoea,true
passages_train_4881,sw,bibi tumbo linauma / hatapiki wiki moja,pain;vomiting,true
passages_train_4882,en,baby convulsions 1 days,ds_convulsions,true
passages_train_4883,sw,mama maumivu ya tumbo,pain,true
passages_train_4884,sw,watoto wako shuleni,,true
passages_train_4885,mix,unable to drink siku 4,ds_cannot_drink,true
passages_train_4886,sw,Homa kali,fever,true
passages_train_4887,en,the girl: running stomach,diarrhoea,true
passages_train_4888,mix,the girl hawezi kunyonya since yesterday,ds_cannot_drink,true
passages_train_4889,sw,Anatapika kila kitu tangu juzi,ds_vomits_everything;vomiting,true
passages_train_4890,sw,mtoto wake maumivu ya kichwa,pain,true
passages_train_4891,en,Stomach pain since yesterday,pain,true
passages_train_4892,en,high fever,fever,true
passages_train_4893,sw,Amani mwili ulikuwa unatetemeka siku tano,ds_convulsions,true
passages_train_4894,mix,Mwili una joto vomited,fever;vomiting,true
passages_train_4895,sw,Mtoto aatapika tangu jana,vomiting,true
passages_train_4896,sw,kuhara kwa sikku mbili,diarrhoea,true
passages_train_4897,en,Amani not weak for 3 days,weakness,true
passages_train_4898,mix,Msichana kuharisha,diarrhoea,true
passages_train_4899,sw,Ametapika,vomiting,true
passages_train_4900,en,drinking well x4 days,,true
passages_train_4901,sw,mvulana: choo cha maji,diarrhoea,true
passages_train_4902,sw,nimepita kwa nyumba ya jirani,,true
passages_train_4903,mix,hana homa + usingizi mzito,ds_lethargic;fever,true
passages_train_4904,sw,familia ina shamba la mahindi,,true
passages_train_4905,sw,Ameziima,ds_lethargic,true
passages_train_4906,mix,child: kuharisha,diarrhoea,true
passages_train_4907,en,baby: vomited,vomiting,true
passages_train_4908,sw,amezimia,ds_lethargic,true
passages_train_4909,sw,mvulana: anatapika,vomiting,true
passages_train_4910,sw,maumivu ya kichwa,pain,true
passages_train_4911,sw,mvulana kila anachokula anatapika siku 4,ds_vomits_everything;vomiting,true
passages_train_4912,sw,si daifu,weakness,true
passages_train_4913,sw,Alipata degedege wiki mooja,ds_convulsions,true
passages_train_4914,en,child: fits for 1 week,ds_convulsions,true
passages_train_4915,sw,usingizi mzito wiki moja,ds_lethargic,true
passages_train_4916,sw,Amani anakohoa,cough,true
passages_train_4917,sw,Mtoto wa noor kila anachokula naatapika + choo cha maji,diarrhoea;ds_vomits_everything;vomiting,true
passages_train_4918,sw,mama anauza maziwa sokoni,,true
passages_train_4919,mix,amechoka sana + ametapika,vomiting;weakness,true
passages_train_4920,mix,Amani: kukohoa sana since yesterday,cough,true
passages_train_4921,sw,Amezimia / anaweza kunywa,ds_lethargic,true
passages_train_4922,sw,mtoto wa Noor: hawezi kunywa,ds_cannot_drink,true
passages_train_4923,en,the boy: had convulsions / throws up everything for 2 days,ds_convulsions;ds_vomits_everything;vomiting,true
passages_train_4924,sw,maumivu tangu jana,pain,true
passages_train_4925,sw,barabara ni mbaya baada ya mvua,,true
passages_train_4926,mix,Throws up everything fits,ds_convulsions;ds_vomits_everything;vomiting,true
passages_train_4927,sw,nimepita kwa nyumba ya jirani,,true
passages_train_4928,en,vomiting for 1 week,vomiting,true
passages_train_4929,sw,msichana amekataa kunyonya / kuhara,diarrhoea;ds_cannot_drink,true
passages_train_4930,sw,barabara ni mbaya baada ya mvua,,true
passages_train_4931,mix,No vomiting,vomiting,true
passages_train_4932,en,the child abdominal pain for 1 days,pain,true
passages_train_4933,sw,maumivu ya kichwa siku 2,pain,true
passages_train_4934,en,Amani: not coughing,cough,true
passages_train_4935,sw,kuhara,diarrhoea,true
passages_train_4936,sw,anatapika kila kitu tangu juzi,ds_vomits_everything;vomiting,true
passages_train_4937,mix,Mama yake no energy for 1 week,weakness,true
passages_train_4938,sw,Amani: hakuwa na degedege wii moja,,true
passages_train_4939,mix,fever,fever,true
passages_train_4940,mix,tmoto running stomach for 4 days,diarrhoea,true
passages_train_4941,en,cannot drink,ds_cannot_drink,true
passages_train_4942,sw,Mwili ulikuwa unatetemeka,ds_convulsions,true
passages_train_4943,en,hard to wake,ds_lethargic,true
passages_train_4944,mix,Amani cough,cough,true
passages_train_4945,mix,ana degdeege,ds_convulsions,true
passages_train_4946,mix,baby: amekataa kunyonya,ds_cannot_drink,true
passages_train_4947,mix,unconscious,ds_lethargic,true
passages_train_4948,en,no paiin,pain,true
passages_train_4949,sw,dhaiifu tangu jana,weakness,true
passages_train_4950,sw,msichana anatapika kila kitu tangu jana,ds_vomits_everything;vomiting,true
passages_train_4951,sw,barabara ni mbaya baada ya mvua,,true
passages_train_4952,sw,Usingizi mzito,ds_lethargic,true
passages_train_4953,sw,Amani: mnyonge,weakness,true
passages_train_4954,mix,Ana degedege siku 2,ds_convulsions,true
passages_train_4955,mix,msichana running stomach,diarrhoea,true
passages_train_4956,en,neighbour: had convulsions,ds_convulsions,true
passages_train_4957,mix,Baby bad cough since yesterday,cough,true
passages_train_4958,sw,Hana kikohozi,cough,true
passages_train_4959,mix,Anatapika kila kitu,ds_vomits_everything;vomiting,true
passages_train_4960,sw,mtoto wake hakunywa chochote kwa isku tano,ds_cannot_drink,true
passages_train_4961,en,the child: had convulsions,ds_convulsions,true
passages_train_4962,sw,Homa,fever,true
passages_train_4963,sw,Anaugua homa tangu jana,fever,true
passages_train_4964,mix,no fever,fever,true
passages_train_4965,mix,Amani dhaifu,weakness,true
passages_train_4966,mix,mvulana: mauimvu since yesterday,pain,true
passages_train_4967,sw,ana homa kwa siku tano,fever,true
passages_train_4968,mix,mtoto mwili ulikuwa unatetemeka,ds_convulsions,true
passages_train_4969,en,Amani vomiting,vomiting,true
passages_train_4970,sw,mtoto tumbo linauma tangu juzi,pain,true
passages_train_4971,mix,anatapika kila anachokunywa,ds_vomits_everything;vomiting,true
passages_train_4972,mix,amezimia,ds_lethargic,true
passages_train_4973,mix,Kichwa kinauma x2 days,pain,true
passages_train_4974,en,baby: high fever for 3 days,fever,true
passages_train_4975,sw,mtoto: ana kikohozi siku mbili,cough,true
passages_train_4976,mix,hakuwa na degedege tangu jana,,true
passages_train_4977,en,unable to breastfeed 5 days,ds_cannot_drink,true
passages_train_4978,en,alert 5 days,,true
passages_train_4979,sw,homa,fever,true
passages_train_4980,en,the child vomiting x4 days,vomiting,true
passages_train_4981,sw,Hakuwa na degedege tangu juzi,,true
passages_train_4982,sw,mtoto: dhaifu,weakness,true
passages_train_4983,sw,Mtoto wake joto jingi mwilini hawzei kunywa,ds_cannot_drink;fever,true
passages_train_4984,sw,tutarudi wiki ijayo kwa ziara,,true
passages_train_4985,sw,joto jingi mwilini tangu jana,fever,true
passages_train_4986,en,the child: no diarrhea,diarrhoea,true
passages_train_4987,mix,Mvulana: diarrhoea siku mbili,diarrhoea,true
passages_train_4988,sw,amekataa kunyonya,ds_cannot_drink,true
passages_train_4989,sw,joto jingi mwilini wiki moja,fever,true
passages_train_4990,en,Child no vomiting,vomiting,true
passages_train_4991,sw,Tumbo haliumi siku 1,pain,true
passages_train_4992,en,Bad cough unconscious x5 days,cough;ds_lethargic,true
passages_train_4993,en,follow up visit planned,,true
passages_train_4994,mix,kifafa wiki moja,ds_convulsions,true
passages_train_4995,sw,Amani maumivu tangu jana,pain,true
passages_train_4996,en,grandmother lethargic 1 das,ds_lethargic,true
passages_train_4997,sw,msichana: anacheza vizuri siku tatu,,true
passages_train_4998,sw,Mtoto wa noor hana homa kwa siku nne,fever,true
passages_train_4999,en,had convulsions for 5 days,ds_convulsions,true
